甜品款/5605.mp4	bad_huanyuandu
森林款/5610.mp4	bad_huanyuandu
基础款/5612.mp4	bad_huanyuandu
基础款/5625.mp4	bad_huanyuandu
基础款/5634.mp4	bad_huanyuandu
基础款/5636.mp4	bad_huanyuandu
甜品款/5638.mp4	bad_huanyuandu
基础款/5641.mp4	bad_huanyuandu
星月款/5645.mp4	bad_huanyuandu
基础款/5650.mp4	bad_huanyuandu
基础款/5652.mp4	bad_huanyuandu
基础款/5670.mp4	bad_huanyuandu
冰晶款/5692.mp4	bad_huanyuandu
基础款/5698.mp4	bad_huanyuandu
森林款/5699.mp4	bad_huanyuandu
基础款/5704.mp4	bad_huanyuandu
基础款/5707.mp4	bad_huanyuandu
基础款/5719.mp4	bad_huanyuandu
基础款/5739.mp4	bad_huanyuandu
甜品款/5741.mp4	bad_huanyuandu
森林款/5743.mp4	bad_huanyuandu
基础款/5746.mp4	bad_huanyuandu
基础款/5753.mp4	bad_huanyuandu
基础款/5759.mp4	bad_huanyuandu
冰晶款/5762.mp4	bad_huanyuandu
基础款/5763.mp4	bad_huanyuandu
基础款/5782.mp4	bad_huanyuandu
基础款/5787.mp4	bad_huanyuandu
基础款/5789.mp4	bad_huanyuandu
基础款/5798.mp4	bad_huanyuandu
基础款/5802.mp4	bad_huanyuandu
基础款/5822.mp4	bad_huanyuandu
冰晶款/5825.mp4	bad_huanyuandu
基础款/5843.mp4	bad_huanyuandu
花花款/5857.mp4	bad_huanyuandu
基础款/5867.mp4	bad_huanyuandu
基础款/5887.mp4	bad_huanyuandu
基础款/5894.mp4	bad_huanyuandu
基础款/5903.mp4	bad_huanyuandu
花花款/5912.mp4	bad_huanyuandu
基础款/5916.mp4	bad_huanyuandu
冰晶款/5924.mp4	bad_huanyuandu
基础款/5927.mp4	bad_huanyuandu
基础款/5943.mp4	bad_huanyuandu
潜水款/5960.mp4	bad_huanyuandu
冰晶款/5963.mp4	bad_huanyuandu
基础款/5964.mp4	bad_huanyuandu
基础款/5972.mp4	bad_huanyuandu
基础款/5977.mp4	bad_huanyuandu
基础款/5986.mp4	bad_huanyuandu
花花款/5996.mp4	bad_huanyuandu
花花款/6011.mp4	bad_huanyuandu
花花款/6012.mp4	bad_huanyuandu
基础款/6022.mp4	bad_huanyuandu
基础款/6031.mp4	bad_huanyuandu
基础款/6040.mp4	bad_huanyuandu
花花款/6043.mp4	bad_huanyuandu
基础款/6045.mp4	bad_huanyuandu
森林款/6060.mp4	bad_huanyuandu
潜水款/6066.mp4	bad_huanyuandu
基础款/6072.mp4	bad_huanyuandu
潜水款/6098.mp4	bad_huanyuandu
潜水款/6108.mp4	bad_huanyuandu
基础款/6114.mp4	bad_huanyuandu
基础款/6124.mp4	bad_huanyuandu
冰晶款/6131.mp4	bad_huanyuandu
冰晶款/6145.mp4	bad_huanyuandu
基础款/6147.mp4	bad_huanyuandu
基础款/6156.mp4	bad_huanyuandu
星月款/6167.mp4	bad_huanyuandu
基础款/6172.mp4	bad_huanyuandu
基础款/6176.mp4	bad_huanyuandu
基础款/6178.mp4	bad_huanyuandu
基础款/6187.mp4	bad_huanyuandu
花花款/6188.mp4	bad_huanyuandu
基础款/6196.mp4	bad_huanyuandu
基础款/6198.mp4	bad_huanyuandu
基础款/6199.mp4	bad_huanyuandu
花花款/6207.mp4	bad_huanyuandu
基础款/6210.mp4	bad_huanyuandu
基础款/6211.mp4	bad_huanyuandu
基础款/6221.mp4	bad_huanyuandu
基础款/6222.mp4	bad_huanyuandu
基础款/6227.mp4	bad_huanyuandu
星月款/6230.mp4	bad_huanyuandu
基础款/6237.mp4	bad_huanyuandu
基础款/6244.mp4	bad_huanyuandu
基础款/6246.mp4	bad_huanyuandu
潜水款/6248.mp4	bad_huanyuandu
潜水款/6251.mp4	bad_huanyuandu
花花款/6255.mp4	bad_huanyuandu
基础款/6256.mp4	bad_huanyuandu
基础款/6272.mp4	bad_huanyuandu
基础款/6275.mp4	bad_huanyuandu
花花款/6277.mp4	bad_huanyuandu
基础款/6285.mp4	bad_huanyuandu
森林款/6286.mp4	bad_huanyuandu
基础款/6288.mp4	bad_huanyuandu
潜水款/6300.mp4	bad_huanyuandu
基础款/6301.mp4	bad_huanyuandu
花花款/6304.mp4	bad_huanyuandu
基础款/6306.mp4	bad_huanyuandu
基础款/6310.mp4	bad_huanyuandu
潜水款/6316.mp4	bad_huanyuandu
星月款/6318.mp4	bad_huanyuandu
基础款/6322.mp4	bad_huanyuandu
花花款/6325.mp4	bad_huanyuandu
冰晶款/6330.mp4	bad_huanyuandu
基础款/6332.mp4	bad_huanyuandu
基础款/6344.mp4	bad_huanyuandu
基础款/6349.mp4	bad_huanyuandu
基础款/6351.mp4	bad_huanyuandu
基础款/6354.mp4	bad_huanyuandu
基础款/6370.mp4	bad_huanyuandu
基础款/6373.mp4	bad_huanyuandu
基础款/6382.mp4	bad_huanyuandu
森林款/6383.mp4	bad_huanyuandu
基础款/6390.mp4	bad_huanyuandu
基础款/6402.mp4	bad_huanyuandu
冰晶款/6405.mp4	bad_huanyuandu
基础款/6406.mp4	bad_huanyuandu
基础款/6418.mp4	bad_huanyuandu
基础款/6419.mp4	bad_huanyuandu
基础款/6422.mp4	bad_huanyuandu
潜水款/6424.mp4	bad_huanyuandu
基础款/6426.mp4	bad_huanyuandu
花花款/6429.mp4	bad_huanyuandu
基础款/6434.mp4	bad_huanyuandu
星月款/6437.mp4	bad_huanyuandu
潜水款/6462.mp4	bad_huanyuandu
基础款/6463.mp4	bad_huanyuandu
基础款/6467.mp4	bad_huanyuandu
基础款/6470.mp4	bad_huanyuandu
潜水款/6473.mp4	bad_huanyuandu
基础款/6474.mp4	bad_huanyuandu
基础款/6475.mp4	bad_huanyuandu
基础款/6483.mp4	bad_huanyuandu
甜品款/6487.mp4	bad_huanyuandu
潜水款/6495.mp4	bad_huanyuandu
基础款/6496.mp4	bad_huanyuandu
基础款/6497.mp4	bad_huanyuandu
基础款/6505.mp4	bad_huanyuandu
冰晶款/6507.mp4	bad_huanyuandu
基础款/6508.mp4	bad_huanyuandu
星月款/6509.mp4	bad_huanyuandu
基础款/6513.mp4	bad_huanyuandu
星月款/6515.mp4	bad_huanyuandu
基础款/6516.mp4	bad_huanyuandu
基础款/6517.mp4	bad_huanyuandu
基础款/6521.mp4	bad_huanyuandu
潜水款/6523.mp4	bad_huanyuandu
基础款/6524.mp4	bad_huanyuandu
基础款/6528.mp4	bad_huanyuandu
基础款/6529.mp4	bad_huanyuandu
基础款/6538.mp4	bad_huanyuandu
基础款/6539.mp4	bad_huanyuandu
甜品款/6542.mp4	bad_huanyuandu
基础款/6545.mp4	bad_huanyuandu
基础款/6546.mp4	bad_huanyuandu
基础款/6549.mp4	bad_huanyuandu
基础款/6550.mp4	bad_huanyuandu
冰晶款/6551.mp4	bad_huanyuandu
冰晶款/6556.mp4	bad_huanyuandu
星月款/6563.mp4	bad_huanyuandu
基础款/6568.mp4	bad_huanyuandu
基础款/6570.mp4	bad_huanyuandu
基础款/6578.mp4	bad_huanyuandu
基础款/6579.mp4	bad_huanyuandu
基础款/6581.mp4	bad_huanyuandu
基础款/6590.mp4	bad_huanyuandu
基础款/6597.mp4	bad_huanyuandu
花花款/6598.mp4	bad_huanyuandu
基础款/6602.mp4	bad_huanyuandu
基础款/6608.mp4	bad_huanyuandu
潜水款/6609.mp4	bad_huanyuandu
基础款/6610.mp4	bad_huanyuandu
基础款/6614.mp4	bad_huanyuandu
基础款/6616.mp4	bad_huanyuandu
基础款/6617.mp4	bad_huanyuandu
潜水款/6620.mp4	bad_huanyuandu
基础款/6629.mp4	bad_huanyuandu
基础款/6630.mp4	bad_huanyuandu
基础款/6636.mp4	bad_huanyuandu
基础款/6638.mp4	bad_huanyuandu
甜品款/6639.mp4	bad_huanyuandu
基础款/6641.mp4	bad_huanyuandu
冰晶款/6650.mp4	bad_huanyuandu
基础款/6652.mp4	bad_huanyuandu
冰晶款/6654.mp4	bad_huanyuandu
星月款/6661.mp4	bad_huanyuandu
基础款/6664.mp4	bad_huanyuandu
基础款/6667.mp4	bad_huanyuandu
潜水款/6669.mp4	bad_huanyuandu
基础款/6678.mp4	bad_huanyuandu
基础款/6681.mp4	bad_huanyuandu
甜品款/6689.mp4	bad_huanyuandu
基础款/6690.mp4	bad_huanyuandu
基础款/6694.mp4	bad_huanyuandu
冰晶款/6699.mp4	bad_huanyuandu
基础款/6702.mp4	bad_huanyuandu
冰晶款/6703.mp4	bad_huanyuandu
基础款/6707.mp4	bad_huanyuandu
潜水款/6708.mp4	bad_huanyuandu
星月款/6711.mp4	bad_huanyuandu
基础款/6721.mp4	bad_huanyuandu
花花款/6724.mp4	bad_huanyuandu
基础款/6725.mp4	bad_huanyuandu
森林款/6727.mp4	bad_huanyuandu
潜水款/6730.mp4	bad_huanyuandu
基础款/6731.mp4	bad_huanyuandu
基础款/6735.mp4	bad_huanyuandu
基础款/6736.mp4	bad_huanyuandu
潜水款/6738.mp4	bad_huanyuandu
冰晶款/6752.mp4	bad_huanyuandu
星月款/6754.mp4	bad_huanyuandu
基础款/6758.mp4	bad_huanyuandu
基础款/6762.mp4	bad_huanyuandu
基础款/6763.mp4	bad_huanyuandu
基础款/6765.mp4	bad_huanyuandu
基础款/6766.mp4	bad_huanyuandu
基础款/6769.mp4	bad_huanyuandu
基础款/6770.mp4	bad_huanyuandu
冰晶款/6771.mp4	bad_huanyuandu
冰晶款/6772.mp4	bad_huanyuandu
森林款/6776.mp4	bad_huanyuandu
基础款/6777.mp4	bad_huanyuandu
基础款/6802.mp4	bad_huanyuandu
基础款/6804.mp4	bad_huanyuandu
潜水款/6805.mp4	bad_huanyuandu
星月款/6808.mp4	bad_huanyuandu
基础款/6809.mp4	bad_huanyuandu
基础款/6810.mp4	bad_huanyuandu
基础款/6811.mp4	bad_huanyuandu
潜水款/6816.mp4	bad_huanyuandu
基础款/6818.mp4	bad_huanyuandu
冰晶款/6819.mp4	bad_huanyuandu
冰晶款/6820.mp4	bad_huanyuandu
基础款/6823.mp4	bad_huanyuandu
星月款/6829.mp4	bad_huanyuandu
基础款/6831.mp4	bad_huanyuandu
基础款/6835.mp4	bad_huanyuandu
基础款/6847.mp4	bad_huanyuandu
基础款/6848.mp4	bad_huanyuandu
基础款/6851.mp4	bad_huanyuandu
潜水款/6855.mp4	bad_huanyuandu
基础款/6859.mp4	bad_huanyuandu
基础款/6860.mp4	bad_huanyuandu
基础款/6862.mp4	bad_huanyuandu
基础款/6872.mp4	bad_huanyuandu
森林款/6874.mp4	bad_huanyuandu
基础款/6878.mp4	bad_huanyuandu
星月款/6879.mp4	bad_huanyuandu
基础款/6883.mp4	bad_huanyuandu
基础款/6884.mp4	bad_huanyuandu
甜品款/6886.mp4	bad_huanyuandu
潜水款/6888.mp4	bad_huanyuandu
基础款/6899.mp4	bad_huanyuandu
基础款/6901.mp4	bad_huanyuandu
森林款/6903.mp4	bad_huanyuandu
基础款/6904.mp4	bad_huanyuandu
星月款/6908.mp4	bad_huanyuandu
基础款/6912.mp4	bad_huanyuandu
花花款/6915.mp4	bad_huanyuandu
森林款/6924.mp4	bad_huanyuandu
基础款/6926.mp4	bad_huanyuandu
潜水款/6927.mp4	bad_huanyuandu
基础款/6928.mp4	bad_huanyuandu
基础款/6939.mp4	bad_huanyuandu
基础款/6943.mp4	bad_huanyuandu
冰晶款/6946.mp4	bad_huanyuandu
基础款/6947.mp4	bad_huanyuandu
基础款/6949.mp4	bad_huanyuandu
冰晶款/6950.mp4	bad_huanyuandu
基础款/6951.mp4	bad_huanyuandu
星月款/6952.mp4	bad_huanyuandu
基础款/6961.mp4	bad_huanyuandu
基础款/6963.mp4	bad_huanyuandu
花花款/6964.mp4	bad_huanyuandu
基础款/6974.mp4	bad_huanyuandu
基础款/6975.mp4	bad_huanyuandu
潜水款/6987.mp4	bad_huanyuandu
基础款/6990.mp4	bad_huanyuandu
基础款/6998.mp4	bad_huanyuandu
森林款/7002.mp4	bad_huanyuandu
基础款/7003.mp4	bad_huanyuandu
潜水款/7004.mp4	bad_huanyuandu
基础款/7009.mp4	bad_huanyuandu
潜水款/7014.mp4	bad_huanyuandu
基础款/7015.mp4	bad_huanyuandu
基础款/7016.mp4	bad_huanyuandu
冰晶款/7018.mp4	bad_huanyuandu
基础款/7026.mp4	bad_huanyuandu
星月款/7027.mp4	bad_huanyuandu
基础款/7029.mp4	bad_huanyuandu
基础款/7030.mp4	bad_huanyuandu
基础款/7042.mp4	bad_huanyuandu
基础款/7046.mp4	bad_huanyuandu
基础款/7047.mp4	bad_huanyuandu
基础款/7049.mp4	bad_huanyuandu
基础款/7057.mp4	bad_huanyuandu
基础款/7058.mp4	bad_huanyuandu
基础款/7062.mp4	bad_huanyuandu
潜水款/7064.mp4	bad_huanyuandu
冰晶款/7068.mp4	bad_huanyuandu
基础款/7074.mp4	bad_huanyuandu
基础款/7076.mp4	bad_huanyuandu
星月款/7077.mp4	bad_huanyuandu
基础款/7081.mp4	bad_huanyuandu
潜水款/7086.mp4	bad_huanyuandu
基础款/7087.mp4	bad_huanyuandu
基础款/7097.mp4	bad_huanyuandu
基础款/7099.mp4	bad_huanyuandu
星月款/7106.mp4	bad_huanyuandu
基础款/7112.mp4	bad_huanyuandu
花花款/7113.mp4	bad_huanyuandu
甜品款/7134.mp4	bad_huanyuandu
基础款/7141.mp4	bad_huanyuandu
基础款/7146.mp4	bad_huanyuandu
冰晶款/7148.mp4	bad_huanyuandu
星月款/7150.mp4	bad_huanyuandu
花花款/7163.mp4	bad_huanyuandu
基础款/7176.mp4	bad_huanyuandu
星月款/7177.mp4	bad_huanyuandu
潜水款/7183.mp4	bad_huanyuandu
基础款/7189.mp4	bad_huanyuandu
花花款/7190.mp4	bad_huanyuandu
基础款/7207.mp4	bad_huanyuandu
花花款/7213.mp4	bad_huanyuandu
基础款/7226.mp4	bad_huanyuandu
潜水款/7233.mp4	bad_huanyuandu
森林款/7251.mp4	bad_huanyuandu
基础款/7252.mp4	bad_huanyuandu
基础款/7258.mp4	bad_huanyuandu
基础款/7261.mp4	bad_huanyuandu
基础款/7271.mp4	bad_huanyuandu
基础款/7282.mp4	bad_huanyuandu
基础款/7289.mp4	bad_huanyuandu
花花款/7290.mp4	bad_huanyuandu
基础款/7294.mp4	bad_huanyuandu
森林款/7300.mp4	bad_huanyuandu
基础款/7320.mp4	bad_huanyuandu
潜水款/7335.mp4	bad_huanyuandu
基础款/7348.mp4	bad_huanyuandu
潜水款/7352.mp4	bad_huanyuandu
基础款/7372.mp4	bad_huanyuandu
基础款/7381.mp4	bad_huanyuandu
花花款/7405.mp4	bad_huanyuandu
潜水款/7414.mp4	bad_huanyuandu
基础款/7415.mp4	bad_huanyuandu
星月款/7416.mp4	bad_huanyuandu
基础款/7423.mp4	bad_huanyuandu
森林款/7444.mp4	bad_huanyuandu
潜水款/7460.mp4	bad_huanyuandu
星月款/7462.mp4	bad_huanyuandu
花花款/7468.mp4	bad_huanyuandu
基础款/7469.mp4	bad_huanyuandu
冰晶款/7471.mp4	bad_huanyuandu
花花款/7473.mp4	bad_huanyuandu
花花款/7494.mp4	bad_huanyuandu
基础款/7495.mp4	bad_huanyuandu
基础款/7499.mp4	bad_huanyuandu
冰晶款/7500.mp4	bad_huanyuandu
星月款/7502.mp4	bad_huanyuandu
基础款/7518.mp4	bad_huanyuandu
基础款/7566.mp4	bad_huanyuandu
花花款/7569.mp4	bad_huanyuandu
基础款/7580.mp4	bad_huanyuandu
基础款/7586.mp4	bad_huanyuandu
星月款/7588.mp4	bad_huanyuandu
基础款/7591.mp4	bad_huanyuandu
基础款/7592.mp4	bad_huanyuandu
基础款/7595.mp4	bad_huanyuandu
潜水款/7605.mp4	bad_huanyuandu
基础款/5629.mp4	bad_huanyuandu
甜品款/5643.mp4	bad_huanyuandu
基础款/5675.mp4	bad_huanyuandu
基础款/5726.mp4	bad_huanyuandu
基础款/5764.mp4	bad_huanyuandu
花花款/5784.mp4	bad_huanyuandu
甜品款/5856.mp4	bad_huanyuandu
甜品款/5883.mp4	bad_huanyuandu
基础款/5896.mp4	bad_huanyuandu
甜品款/5913.mp4	bad_huanyuandu
基础款/5930.mp4	bad_huanyuandu
森林款/5954.mp4	bad_huanyuandu
甜品款/5966.mp4	bad_huanyuandu
森林款/5989.mp4	bad_huanyuandu
基础款/6009.mp4	bad_huanyuandu
基础款/6039.mp4	bad_huanyuandu
基础款/6051.mp4	bad_huanyuandu
基础款/6106.mp4	bad_huanyuandu
冰晶款/6133.mp4	bad_huanyuandu
星月款/6164.mp4	bad_huanyuandu
基础款/6173.mp4	bad_huanyuandu
基础款/6194.mp4	bad_huanyuandu
基础款/6228.mp4	bad_huanyuandu
基础款/6243.mp4	bad_huanyuandu
基础款/6252.mp4	bad_huanyuandu
基础款/6287.mp4	bad_huanyuandu
基础款/6297.mp4	bad_huanyuandu
基础款/6305.mp4	bad_huanyuandu
星月款/6313.mp4	bad_huanyuandu
基础款/6335.mp4	bad_huanyuandu
基础款/6353.mp4	bad_huanyuandu
基础款/6376.mp4	bad_huanyuandu
基础款/6398.mp4	bad_huanyuandu
冰晶款/6409.mp4	bad_huanyuandu
基础款/6430.mp4	bad_huanyuandu
基础款/6440.mp4	bad_huanyuandu
基础款/6468.mp4	bad_huanyuandu
基础款/6480.mp4	bad_huanyuandu
基础款/6504.mp4	bad_huanyuandu
基础款/6518.mp4	bad_huanyuandu
基础款/6541.mp4	bad_huanyuandu
基础款/6553.mp4	bad_huanyuandu
基础款/6565.mp4	bad_huanyuandu
基础款/6582.mp4	bad_huanyuandu
基础款/6595.mp4	bad_huanyuandu
基础款/6605.mp4	bad_huanyuandu
星月款/6612.mp4	bad_huanyuandu
基础款/6622.mp4	bad_huanyuandu
基础款/6655.mp4	bad_huanyuandu
基础款/6670.mp4	bad_huanyuandu
基础款/6686.mp4	bad_huanyuandu
森林款/6706.mp4	bad_huanyuandu
基础款/6726.mp4	bad_huanyuandu
甜品款/6733.mp4	bad_huanyuandu
冰晶款/6749.mp4	bad_huanyuandu
星月款/6759.mp4	bad_huanyuandu
潜水款/6768.mp4	bad_huanyuandu
基础款/6774.mp4	bad_huanyuandu
基础款/6787.mp4	bad_huanyuandu
基础款/6806.mp4	bad_huanyuandu
基础款/6814.mp4	bad_huanyuandu
基础款/6833.mp4	bad_huanyuandu
森林款/6853.mp4	bad_huanyuandu
基础款/6868.mp4	bad_huanyuandu
基础款/6898.mp4	bad_huanyuandu
基础款/6906.mp4	bad_huanyuandu
基础款/6925.mp4	bad_huanyuandu
基础款/6932.mp4	bad_huanyuandu
基础款/6948.mp4	bad_huanyuandu
基础款/6967.mp4	bad_huanyuandu
冰晶款/6999.mp4	bad_huanyuandu
基础款/7011.mp4	bad_huanyuandu
花花款/7019.mp4	bad_huanyuandu
基础款/7037.mp4	bad_huanyuandu
基础款/7080.mp4	bad_huanyuandu
基础款/7104.mp4	bad_huanyuandu
潜水款/7153.mp4	bad_huanyuandu
基础款/7245.mp4	bad_huanyuandu
冰晶款/7317.mp4	bad_huanyuandu
潜水款/7324.mp4	bad_huanyuandu
潜水款/7331.mp4	bad_huanyuandu
星月款/7355.mp4	bad_huanyuandu
基础款/7365.mp4	bad_huanyuandu
潜水款/7374.mp4	bad_huanyuandu
甜品款/7382.mp4	bad_huanyuandu
花花款/7430.mp4	bad_huanyuandu
基础款/7458.mp4	bad_huanyuandu
基础款/7465.mp4	bad_huanyuandu
潜水款/7489.mp4	bad_huanyuandu
甜品款/7535.mp4	bad_huanyuandu
基础款/7552.mp4	bad_huanyuandu
花花款/5603.mp4	good
森林款/5606.mp4	good
基础款/5608.mp4	good
基础款/5642.mp4	good
基础款/5669.mp4	good
基础款/5680.mp4	good
基础款/5685.mp4	good
森林款/5691.mp4	good
冰晶款/5697.mp4	good
基础款/5709.mp4	good
基础款/5714.mp4	good
基础款/5734.mp4	good
基础款/5760.mp4	good
甜品款/5761.mp4	good
基础款/5766.mp4	good
基础款/5800.mp4	good
花花款/5824.mp4	good
基础款/5834.mp4	good
基础款/5837.mp4	good
冰晶款/5865.mp4	good
基础款/5878.mp4	good
基础款/5934.mp4	good
花花款/5949.mp4	good
花花款/5975.mp4	good
基础款/5988.mp4	good
基础款/6002.mp4	good
花花款/6003.mp4	good
甜品款/6005.mp4	good
基础款/6013.mp4	good
基础款/6018.mp4	good
基础款/6023.mp4	good
基础款/6035.mp4	good
森林款/6037.mp4	good
冰晶款/6050.mp4	good
甜品款/6052.mp4	good
花花款/6083.mp4	good
基础款/6087.mp4	good
基础款/6094.mp4	good
基础款/6104.mp4	good
基础款/6116.mp4	good
基础款/6118.mp4	good
花花款/6121.mp4	good
基础款/6123.mp4	good
基础款/6140.mp4	good
基础款/6141.mp4	good
基础款/6142.mp4	good
冰晶款/6143.mp4	good
星月款/6149.mp4	good
森林款/6152.mp4	good
基础款/6157.mp4	good
潜水款/6160.mp4	good
基础款/6163.mp4	good
星月款/6166.mp4	good
基础款/6174.mp4	good
基础款/6175.mp4	good
基础款/6181.mp4	good
基础款/6182.mp4	good
基础款/6186.mp4	good
花花款/6190.mp4	good
森林款/6217.mp4	good
基础款/6218.mp4	good
基础款/6219.mp4	good
潜水款/6225.mp4	good
星月款/6232.mp4	good
基础款/6240.mp4	good
基础款/6241.mp4	good
基础款/6247.mp4	good
基础款/6250.mp4	good
基础款/6261.mp4	good
基础款/6262.mp4	good
星月款/6265.mp4	good
基础款/6274.mp4	good
基础款/6276.mp4	good
基础款/6279.mp4	good
基础款/6290.mp4	good
基础款/6294.mp4	good
潜水款/6296.mp4	good
冰晶款/6307.mp4	good
基础款/6309.mp4	good
潜水款/6326.mp4	good
基础款/6327.mp4	good
基础款/6328.mp4	good
潜水款/6337.mp4	good
基础款/6342.mp4	good
甜品款/6345.mp4	good
基础款/6346.mp4	good
花花款/6352.mp4	good
星月款/6366.mp4	good
花花款/6374.mp4	good
基础款/6381.mp4	good
基础款/6384.mp4	good
星月款/6388.mp4	good
甜品款/6395.mp4	good
森林款/6412.mp4	good
基础款/6413.mp4	good
星月款/6416.mp4	good
基础款/6421.mp4	good
花花款/6423.mp4	good
基础款/6433.mp4	good
冰晶款/6453.mp4	good
冰晶款/6457.mp4	good
冰晶款/6477.mp4	good
花花款/6478.mp4	good
基础款/6485.mp4	good
星月款/6486.mp4	good
甜品款/6493.mp4	good
冰晶款/6502.mp4	good
潜水款/6512.mp4	good
森林款/6530.mp4	good
基础款/6534.mp4	good
甜品款/6536.mp4	good
星月款/6558.mp4	good
潜水款/6561.mp4	good
基础款/6562.mp4	good
星月款/6564.mp4	good
冰晶款/6576.mp4	good
基础款/6584.mp4	good
甜品款/6592.mp4	good
基础款/6593.mp4	good
冰晶款/6600.mp4	good
基础款/6621.mp4	good
基础款/6627.mp4	good
基础款/6640.mp4	good
基础款/6653.mp4	good
森林款/6657.mp4	good
花花款/6668.mp4	good
森林款/6677.mp4	good
星月款/6682.mp4	good
甜品款/6683.mp4	good
潜水款/6687.mp4	good
基础款/6693.mp4	good
基础款/6709.mp4	good
基础款/6712.mp4	good
基础款/6715.mp4	good
潜水款/6719.mp4	good
星月款/6732.mp4	good
基础款/6734.mp4	good
基础款/6737.mp4	good
甜品款/6739.mp4	good
潜水款/6741.mp4	good
基础款/6742.mp4	good
基础款/6743.mp4	good
花花款/6745.mp4	good
基础款/6751.mp4	good
基础款/6753.mp4	good
森林款/6755.mp4	good
基础款/6756.mp4	good
星月款/6760.mp4	good
基础款/6761.mp4	good
基础款/6764.mp4	good
花花款/6767.mp4	good
基础款/6778.mp4	good
潜水款/6779.mp4	good
基础款/6780.mp4	good
基础款/6783.mp4	good
甜品款/6786.mp4	good
基础款/6788.mp4	good
潜水款/6789.mp4	good
基础款/6790.mp4	good
基础款/6792.mp4	good
基础款/6794.mp4	good
基础款/6795.mp4	good
冰晶款/6796.mp4	good
基础款/6798.mp4	good
基础款/6800.mp4	good
冰晶款/6801.mp4	good
星月款/6803.mp4	good
基础款/6812.mp4	good
基础款/6813.mp4	good
花花款/6815.mp4	good
基础款/6817.mp4	good
森林款/6824.mp4	good
基础款/6825.mp4	good
基础款/6828.mp4	good
甜品款/6830.mp4	good
甜品款/6836.mp4	good
潜水款/6838.mp4	good
基础款/6839.mp4	good
基础款/6840.mp4	good
花花款/6842.mp4	good
基础款/6843.mp4	good
基础款/6844.mp4	good
冰晶款/6845.mp4	good
冰晶款/6850.mp4	good
基础款/6854.mp4	good
星月款/6857.mp4	good
星月款/6858.mp4	good
基础款/6863.mp4	good
基础款/6864.mp4	good
花花款/6865.mp4	good
潜水款/6866.mp4	good
冰晶款/6869.mp4	good
冰晶款/6870.mp4	good
花花款/6871.mp4	good
基础款/6873.mp4	good
潜水款/6877.mp4	good
基础款/6882.mp4	good
基础款/6887.mp4	good
基础款/6891.mp4	good
冰晶款/6895.mp4	good
冰晶款/6896.mp4	good
基础款/6897.mp4	good
冰晶款/6900.mp4	good
潜水款/6905.mp4	good
基础款/6909.mp4	good
基础款/6910.mp4	good
基础款/6911.mp4	good
潜水款/6916.mp4	good
基础款/6917.mp4	good
基础款/6918.mp4	good
冰晶款/6919.mp4	good
花花款/6921.mp4	good
基础款/6922.mp4	good
基础款/6923.mp4	good
星月款/6929.mp4	good
基础款/6933.mp4	good
基础款/6934.mp4	good
潜水款/6935.mp4	good
甜品款/6936.mp4	good
潜水款/6938.mp4	good
基础款/6940.mp4	good
基础款/6941.mp4	good
花花款/6942.mp4	good
冰晶款/6945.mp4	good
基础款/6954.mp4	good
潜水款/6955.mp4	good
星月款/6957.mp4	good
基础款/6962.mp4	good
基础款/6966.mp4	good
冰晶款/6968.mp4	good
冰晶款/6969.mp4	good
基础款/6971.mp4	good
潜水款/6976.mp4	good
基础款/6977.mp4	good
基础款/6980.mp4	good
基础款/6982.mp4	good
潜水款/6983.mp4	good
甜品款/6985.mp4	good
基础款/6986.mp4	good
基础款/6989.mp4	good
花花款/6991.mp4	good
基础款/6992.mp4	good
基础款/6993.mp4	good
基础款/6996.mp4	good
基础款/7000.mp4	good
星月款/7001.mp4	good
基础款/7005.mp4	good
星月款/7007.mp4	good
基础款/7008.mp4	good
基础款/7010.mp4	good
花花款/7013.mp4	good
森林款/7022.mp4	good
潜水款/7025.mp4	good
基础款/7031.mp4	good
潜水款/7032.mp4	good
甜品款/7034.mp4	good
基础款/7035.mp4	good
潜水款/7036.mp4	good
基础款/7038.mp4	good
基础款/7041.mp4	good
冰晶款/7043.mp4	good
冰晶款/7044.mp4	good
基础款/7045.mp4	good
基础款/7052.mp4	good
基础款/7054.mp4	good
星月款/7055.mp4	good
基础款/7061.mp4	good
基础款/7066.mp4	good
冰晶款/7067.mp4	good
花花款/7069.mp4	good
基础款/7070.mp4	good
甜品款/7078.mp4	good
基础款/7079.mp4	good
基础款/7082.mp4	good
潜水款/7083.mp4	good
基础款/7085.mp4	good
基础款/7088.mp4	good
基础款/7089.mp4	good
花花款/7090.mp4	good
基础款/7092.mp4	good
冰晶款/7093.mp4	good
基础款/7095.mp4	good
冰晶款/7098.mp4	good
基础款/7102.mp4	good
星月款/7105.mp4	good
基础款/7107.mp4	good
基础款/7108.mp4	good
潜水款/7114.mp4	good
基础款/7116.mp4	good
基础款/7121.mp4	good
森林款/7122.mp4	good
基础款/7131.mp4	good
潜水款/7136.mp4	good
基础款/7137.mp4	good
冰晶款/7143.mp4	good
基础款/7152.mp4	good
基础款/7159.mp4	good
基础款/7162.mp4	good
基础款/7171.mp4	good
甜品款/7178.mp4	good
基础款/7182.mp4	good
甜品款/7184.mp4	good
基础款/7202.mp4	good
基础款/7212.mp4	good
冰晶款/7217.mp4	good
花花款/7219.mp4	good
基础款/7223.mp4	good
星月款/7227.mp4	good
基础款/7230.mp4	good
基础款/7231.mp4	good
甜品款/7234.mp4	good
基础款/7241.mp4	good
冰晶款/7244.mp4	good
基础款/7246.mp4	good
冰晶款/7248.mp4	good
潜水款/7253.mp4	good
基础款/7254.mp4	good
星月款/7256.mp4	good
基础款/7259.mp4	good
花花款/7269.mp4	good
基础款/7270.mp4	good
基础款/7274.mp4	good
基础款/7276.mp4	good
基础款/7285.mp4	good
基础款/7287.mp4	good
基础款/7296.mp4	good
基础款/7301.mp4	good
基础款/7307.mp4	good
冰晶款/7316.mp4	good
基础款/7337.mp4	good
基础款/7338.mp4	good
冰晶款/7343.mp4	good
基础款/7344.mp4	good
基础款/7356.mp4	good
基础款/7358.mp4	good
基础款/7360.mp4	good
冰晶款/7366.mp4	good
基础款/7373.mp4	good
基础款/7379.mp4	good
基础款/7385.mp4	good
基础款/7394.mp4	good
基础款/7395.mp4	good
潜水款/7398.mp4	good
基础款/7402.mp4	good
基础款/7413.mp4	good
甜品款/7418.mp4	good
基础款/7426.mp4	good
基础款/7432.mp4	good
基础款/7434.mp4	good
基础款/7437.mp4	good
基础款/7446.mp4	good
基础款/7457.mp4	good
基础款/7463.mp4	good
冰晶款/7472.mp4	good
基础款/7474.mp4	good
基础款/7486.mp4	good
冰晶款/7496.mp4	good
星月款/7508.mp4	good
基础款/7509.mp4	good
基础款/7534.mp4	good
基础款/7537.mp4	good
基础款/7541.mp4	good
基础款/7558.mp4	good
甜品款/7606.mp4	good
甜品款/5631.mp4	good
基础款/5686.mp4	good
基础款/5725.mp4	good
冰晶款/5785.mp4	good
基础款/5855.mp4	good
基础款/5974.mp4	good
星月款/6004.mp4	good
基础款/6033.mp4	good
花花款/6059.mp4	good
潜水款/6109.mp4	good
基础款/6138.mp4	good
冰晶款/6144.mp4	good
基础款/6162.mp4	good
基础款/6180.mp4	good
潜水款/6193.mp4	good
潜水款/6226.mp4	good
甜品款/6249.mp4	good
星月款/6271.mp4	good
基础款/6293.mp4	good
基础款/6321.mp4	good
基础款/6338.mp4	good
基础款/6357.mp4	good
基础款/6385.mp4	good
基础款/6415.mp4	good
基础款/6451.mp4	good
基础款/6482.mp4	good
冰晶款/6503.mp4	good
花花款/6548.mp4	good
冰晶款/6575.mp4	good
潜水款/6594.mp4	good
花花款/6646.mp4	good
基础款/6679.mp4	good
基础款/6704.mp4	good
冰晶款/6722.mp4	good
基础款/6740.mp4	good
基础款/6747.mp4	good
潜水款/6757.mp4	good
基础款/6775.mp4	good
潜水款/6784.mp4	good
基础款/6791.mp4	good
冰晶款/6797.mp4	good
星月款/6807.mp4	good
花花款/6821.mp4	good
基础款/6832.mp4	good
基础款/6841.mp4	good
冰晶款/6846.mp4	good
基础款/6861.mp4	good
基础款/6867.mp4	good
基础款/6876.mp4	good
基础款/6893.mp4	good
星月款/6902.mp4	good
基础款/6914.mp4	good
冰晶款/6920.mp4	good
基础款/6931.mp4	good
基础款/6937.mp4	good
基础款/6944.mp4	good
星月款/6958.mp4	good
花花款/6970.mp4	good
基础款/6981.mp4	good
基础款/6988.mp4	good
冰晶款/6994.mp4	good
星月款/7006.mp4	good
基础款/7020.mp4	good
基础款/7033.mp4	good
花花款/7040.mp4	good
星月款/7050.mp4	good
花花款/7063.mp4	good
潜水款/7075.mp4	good
甜品款/7084.mp4	good
基础款/7091.mp4	good
森林款/7101.mp4	good
基础款/7109.mp4	good
甜品款/7128.mp4	good
基础款/7149.mp4	good
潜水款/7175.mp4	good
星月款/7206.mp4	good
基础款/7224.mp4	good
基础款/7237.mp4	good
星月款/7250.mp4	good
基础款/7262.mp4	good
基础款/7280.mp4	good
星月款/7305.mp4	good
基础款/7341.mp4	good
基础款/7359.mp4	good
基础款/7384.mp4	good
潜水款/7399.mp4	good
潜水款/7427.mp4	good
基础款/7449.mp4	good
潜水款/7483.mp4	good
星月款/7529.mp4	good
星月款/7604.mp4	good
