idx,stem,human_label,y_bad,defects_raw,p_bad,threshold,pool_size,err_type,dim_stiff,dim_fidelity,dim_jerky,dim_physics,dim_limbs_frozen,dim_impossible_obj,dim_temporal_consist,dim_motion_discont,dim_size_change,dim_frame_jump,def_impossible_obj,def_size_change,def_frame_jump,def_physics,def_fidelity
0,d65146967bd5d8b3d6a20372a090f892,good,0,,0.0209,0.1481,600,,0.0003,0.0534,0.3112,0.074,0.0067,0.0,0.0534,0.074,0.0,0.148,0,0,0,0,0
1,623283031144918701ff00756bbff9e5,good,0,,0.019,0.1481,600,,0.0003,0.0916,0.3112,0.1604,0.0015,0.0,0.0916,0.1345,0.0002,0.2689,0,0,0,0,0
2,4f95a8bc31851629a3a3d20087ed3083,bad,1,物理规律,0.0607,0.1481,600,漏检FN,0.0025,0.074,0.3529,0.1345,0.0601,0.0,0.074,0.0912,0.0002,0.1824,0,0,0,1,0
3,1dde93293abd56023af8238960979b3b,good,0,,0.0687,0.1481,600,,0.0293,0.0408,0.2965,0.0955,0.0601,0.0086,0.0408,0.0478,0.0293,0.0953,0,0,0,0,0
4,f9a84abe86a77763fb64a7407043d881,good,0,,0.0164,0.1481,600,,0.0,0.0917,0.1888,0.1888,0.0004,0.0001,0.0917,0.074,0.0002,0.148,0,0,0,0,0
5,a400e3f6d8a03acf45c1ebe779aaa5f6,bad,1,物理规律,0.0,0.1481,600,漏检FN,0.0019,0.1345,0.2344,0.1009,0.011,0.0,0.1345,0.0912,0.0019,0.1824,0,0,0,1,0
6,dcc37d479ecbd69ee0dcfd7e6c993c43,good,0,,0.0393,0.1481,600,,0.0009,0.0338,0.25,0.0596,0.1192,0.0,0.0338,0.0477,0.0002,0.0953,0,0,0,0,0
7,34f61dc6f45300466b2c4b9161f7bfde,good,0,,0.0021,0.1481,600,,0.0007,0.0666,0.2811,0.1345,0.0141,0.0,0.0666,0.0237,0.0001,0.0474,0,0,0,0,0
8,8fa1bc8fc96667f6bb7fe02c24bc229e,good,0,,0.0217,0.1481,600,,0.0,0.1472,0.2037,0.1888,0.0052,0.0001,0.1472,0.0596,0.0086,0.1192,0,0,0,0,0
9,4b2a46fa5e2cbcd9030620ae6b6d7ca8,good,0,,0.0,0.1481,600,,0.0003,0.0302,0.2656,0.0741,0.0067,0.0002,0.0302,0.0477,0.0002,0.0953,0,0,0,0,0
10,0180643b8a4cbea0dacee2ec07c30abc,good,0,,0.0238,0.1481,600,,0.018,0.0743,0.2811,0.1114,0.0601,0.0,0.0743,0.0534,0.0,0.1067,0,0,0,0,0
11,dca64229e6f2cd19c3998f97df1663f7,good,0,,0.0862,0.1481,600,,0.0041,0.0535,0.2963,0.0665,0.1192,0.0,0.0535,0.0534,0.0001,0.1067,0,0,0,0,0
12,ffc1bfa0600c3f0b3fd74c020188a0f4,good,0,,0.0054,0.1481,600,,0.0001,0.1241,0.2963,0.0665,0.0012,0.0,0.1241,0.0596,0.0003,0.1192,0,0,0,0,0
13,df54912f8a3235fc03d35bb3e1db48a1,good,0,,0.067,0.1481,600,,0.0067,0.0672,0.3112,0.0912,0.011,0.0,0.0672,0.0301,0.0004,0.0601,0,0,0,0,0
14,6bfb66da4da9e4e4edc452b7b1e81a40,good,0,,0.0572,0.1481,600,,0.2689,0.1291,0.1744,0.0446,0.3775,0.0041,0.1291,0.0426,0.148,0.0851,0,0,0,0,0
15,aa980fb1688b7d6e88524e3ce3234ed4,good,0,,0.0177,0.1481,600,,0.0293,0.0313,0.25,0.038,0.148,0.0002,0.0313,0.0301,0.0019,0.0601,0,0,0,0,0
16,a8678b183370e015a1d39e69fc4bc2d7,good,0,,0.0112,0.1481,600,,0.0004,0.0823,0.3529,0.1471,0.0293,0.0001,0.0823,0.0823,0.0003,0.1645,0,0,0,0,0
17,adf18ffe3824df02b6f1db0037fcf60d,good,0,,0.0091,0.1481,600,误杀FP,0.023,0.123,0.1743,0.9239,0.0373,0.9959,0.123,0.0534,0.2227,0.1067,0,0,0,0,0
18,066e39f4afb2254d3085e4e8a1172493,good,0,,0.04,0.1481,600,误杀FP,0.0003,0.2039,0.2811,0.9619,0.0141,0.9997,0.2039,0.0912,0.0,0.1824,0,0,0,0,0
19,ed384e646526c8e9444462ff18d20306,good,0,,0.0164,0.1481,600,,0.0003,0.0916,0.1888,0.1743,0.0025,0.0,0.0916,0.0596,0.0003,0.1192,0,0,0,0,0
20,93fe14ec32db9d9088988f2237dc5e9d,good,0,,0.0,0.1481,600,,0.0293,0.0395,0.1743,0.0913,0.148,0.0002,0.0395,0.0534,0.0015,0.1067,0,0,0,0,0
21,41cc014dc3ef427a70e03e8da72c2ad0,good,0,,0.0,0.1481,600,,0.0067,0.0671,0.219,0.1114,0.023,0.0,0.0671,0.0427,0.0004,0.0851,0,0,0,0,0
22,4035b700ddc3d6f9445416904a20a9bc,good,0,,0.0023,0.1481,600,,0.0001,0.3408,0.3396,0.3779,0.0019,0.0009,0.3408,0.1345,0.0015,0.2689,0,0,0,0,0
23,784ca61b706317b3fd3a35a82341f09f,good,0,,0.0058,0.1481,600,,0.0003,0.1888,0.2344,0.3257,0.0041,0.0,0.1888,0.0912,0.0003,0.1824,0,0,0,0,0
24,d46b1f8dde6151afc082eaed3dbc0602,good,0,,0.258,0.1481,600,误杀FP,0.0007,0.0741,0.3112,0.1345,0.0474,0.0,0.0741,0.0665,0.0,0.133,0,0,0,0,0
25,affe01b145a1520805cb9af501dd8475,good,0,,0.009,0.1481,600,,0.0001,0.1888,0.2963,0.25,0.0025,0.0,0.1888,0.0596,0.0003,0.1192,0,0,0,0,0
26,921e9f4257d8847617c0e423f1499813,good,0,,0.0168,0.1481,600,,0.023,0.0832,0.3397,0.219,0.0601,0.0002,0.0832,0.0338,0.0032,0.0675,0,0,0,0,0
27,3214e88e0de91722f09a76c892a10a4d,good,0,,0.0246,0.1481,600,,0.0002,0.0426,0.2189,0.1472,0.0052,0.0001,0.0426,0.0912,0.0015,0.1824,0,0,0,0,0
28,acb7776d2f71a3283a8633ecab9fdab3,good,0,,0.089,0.1481,600,误杀FP,0.023,0.0452,0.2657,0.0741,0.0474,0.0001,0.0452,0.0339,0.0003,0.0675,0,0,0,0,0
29,3ce4280eef9f1f905b951efccc1c0db7,good,0,,0.0021,0.1481,600,,0.0032,0.0479,0.2811,0.0665,0.0474,0.0001,0.0479,0.038,0.0002,0.0759,0,0,0,0,0
30,7612093cc5f5586b0cb993ae670e94fc,good,0,,0.0156,0.1481,600,,0.0019,0.0364,0.2189,0.1114,0.023,0.0,0.0364,0.0533,0.0002,0.1067,0,0,0,0,0
31,25a22289e8f1abf807ccbb78fbbdd670,bad,1,"还原度, 物理规律",0.0918,0.1481,600,漏检FN,0.0052,0.1895,0.3112,0.1888,0.018,0.0001,0.1895,0.074,0.0002,0.148,0,0,0,1,1
32,9d967f66a02727cddfb8faef03e2c8a0,good,0,,0.0,0.1481,600,,0.0009,0.0479,0.1743,0.1471,0.0067,0.0001,0.0479,0.0426,0.0006,0.0851,0,0,0,0,0
33,e3584577fed68da28f382dc5c500592a,good,0,,0.0,0.1481,600,,0.0067,0.0541,0.3113,0.1345,0.0373,0.0001,0.0541,0.074,0.0001,0.148,0,0,0,0,0
34,9dfd08e4d9e3f58c189359a5aab7517a,good,0,,0.0,0.1481,600,,0.0006,0.0912,0.3396,0.1345,0.0141,0.0,0.0912,0.0534,0.0,0.1067,0,0,0,0,0
35,8c4f4457d8edcc69d90ff5c87c913822,good,0,,0.0755,0.1481,600,,0.0019,0.052,0.3396,0.0823,0.011,0.0001,0.052,0.0596,0.0001,0.1192,0,0,0,0,0
36,44bf00670d664b44362cf902e7a16f75,good,0,,0.0402,0.1481,600,,0.0052,0.0192,0.1604,0.0534,0.0601,0.0,0.0192,0.0338,0.0003,0.0675,0,0,0,0,0
37,9220df86-4ab7-4510-9b4d-aa0b1a660578,good,0,,0.0,0.1481,600,,0.0003,0.0741,0.2037,0.1888,0.0086,0.0001,0.0741,0.0534,0.0002,0.1067,0,0,0,0,0
38,4aa88f5dd71d2391966dbf3053b4c889,good,0,,0.0,0.1481,600,,0.0004,0.0269,0.2344,0.1604,0.0086,0.0,0.0269,0.074,0.0001,0.148,0,0,0,0,0
39,d9a0a72b4d5a54583cac5f8a0fe0e3c7,good,0,,0.0651,0.1481,600,,0.0,0.101,0.2656,0.1225,0.0052,0.0,0.101,0.0596,0.0,0.1192,0,0,0,0,0
40,d9333173af83d0b0613ff5c4a23ad060,good,0,,0.0085,0.1481,600,,0.0001,0.0237,0.2344,0.2189,0.0006,0.0,0.0237,0.0477,0.0003,0.0953,0,0,0,0,0
41,e175ee3f7440cf33d69370c6d976609d,bad,1,物理规律,0.0161,0.1481,600,漏检FN,0.0032,0.1475,0.2811,0.1471,0.018,0.0,0.1475,0.0426,0.0015,0.0851,0,0,0,1,0
42,1f658fbc701b339d7a9b25366d0d9462,bad,1,还原度,0.0603,0.1481,600,漏检FN,0.0001,0.101,0.3257,0.2901,0.0025,0.018,0.101,0.1471,0.0019,0.2942,0,0,0,0,1
43,201b73d9e429ce92222303d9b76d9c85,good,0,,0.0651,0.1481,600,,0.0141,0.1472,0.3396,0.2037,0.3208,0.0001,0.1472,0.1226,0.0474,0.2451,0,0,0,0,0
44,cbd0a512bdcfc54fe5e8889611db7590,good,0,,0.104,0.1481,600,误杀FP,0.011,0.0824,0.3396,0.1744,0.148,0.0002,0.0824,0.0912,0.0003,0.1824,0,0,0,0,0
45,2b5e0a54d4fe29eae471a10c82b87be2,good,0,,0.0023,0.1481,600,,0.0373,0.3259,0.3398,0.3413,0.0601,0.0601,0.3259,0.0742,0.0052,0.148,0,0,0,0,0
46,6bbdfb8359b2a00653c0af12fff70c0c,good,0,,0.0223,0.1481,600,,0.0007,0.207,0.2344,0.2037,0.0086,0.0002,0.207,0.0534,0.0006,0.1067,0,0,0,0,0
47,766884c0e809981ccc6b3e3bb1d299d1,good,0,,0.0351,0.1481,600,,0.0025,0.1115,0.2963,0.25,0.0293,0.0001,0.1115,0.1471,0.0015,0.2942,0,0,0,0,0
48,845c1e928130b4d066e99b2f053f3b95,good,0,,0.0025,0.1481,600,,0.0032,0.0303,0.2189,0.1471,0.0474,0.0001,0.0303,0.0426,0.0032,0.0851,0,0,0,0,0
49,e8b92f26def8f49e93e06a60ff430b62,good,0,,0.016,0.1481,600,,0.011,0.3551,0.2811,0.0913,0.0141,0.0001,0.3551,0.0741,0.0141,0.148,0,0,0,0,0
50,3f25e9ca98c3aa5e6fc32db828719993,good,0,,0.0915,0.1481,600,误杀FP,0.0025,0.0477,0.3112,0.0823,0.0293,0.0,0.0477,0.0912,0.0012,0.1824,0,0,0,0,0
51,130def6a779c05c38e0e3b5eadee7c17,bad,1,物理规律,0.0055,0.1481,600,漏检FN,0.023,0.1017,0.2964,0.0914,0.1192,0.0003,0.1017,0.0338,0.0007,0.0675,0,0,0,1,0
52,7db2d6511e29a46a252cafcabf090001,good,0,,0.0074,0.1481,600,,0.0141,0.2039,0.3396,0.1114,0.0293,0.0001,0.2039,0.0477,0.0001,0.0953,0,0,0,0,0
53,9e5738dac667168b236a438572a58b43,good,0,,0.0203,0.1481,600,,0.0,0.1347,0.1604,0.1471,0.0009,0.0001,0.1347,0.0534,0.0012,0.1067,0,0,0,0,0
54,dd6c31335e97c68c0dd8252b84da9352,good,0,,0.1483,0.1481,600,误杀FP,0.0003,0.0824,0.25,0.1009,0.0032,0.0,0.0824,0.1604,0.0009,0.3208,0,0,0,0,0
55,2a2cc87d6709bfbd6d48e103b08e06a1,good,0,,0.0074,0.1481,600,,0.0009,0.0468,0.1744,0.0665,0.0052,0.0001,0.0468,0.0301,0.0001,0.0601,0,0,0,0,0
56,939c3e8635009a822f48fa7597d87571,bad,1,"还原度, 物理规律",0.0016,0.1481,600,漏检FN,0.0086,0.0483,0.219,0.1229,0.0474,0.0007,0.0483,0.0268,0.0086,0.0534,0,0,0,1,1
57,1df69787eec4647f2ef8596b03c5ba77,good,0,,0.0437,0.1481,600,,0.0041,0.3397,0.2811,0.2966,0.0759,0.0006,0.3397,0.1345,0.0003,0.2689,0,0,0,0,0
58,0ce36f6af09d12cdf033b7df7f1c944d,good,0,,0.0219,0.1481,600,,0.0,0.0379,0.3529,0.25,0.0032,0.0,0.0379,0.0912,0.0,0.1824,0,0,0,0,0
59,28441bf22c31a05db9f581637f49283f,good,0,,0.0191,0.1481,600,,0.0052,0.2976,0.3397,0.3257,0.018,0.0,0.2976,0.101,0.0002,0.2018,0,0,0,0,0
60,0569edf094510badc3f16c11d0b09925,good,0,,0.0,0.1481,600,误杀FP,0.0,0.0665,0.1888,0.7773,0.011,0.7773,0.0665,0.0477,0.0009,0.0953,0,0,0,0,0
61,01609fa316c492f52da8ab90afd4495c,good,0,,0.0,0.1481,600,,0.0009,0.0381,0.0912,0.074,0.0032,0.0,0.0381,0.0338,0.0002,0.0675,0,0,0,0,0
62,a21a0e89f4d6db0cccfd5a7cbf0e2cc4,good,0,,0.0296,0.1481,600,,0.0067,0.1117,0.2656,0.0823,0.0759,0.0,0.1117,0.0301,0.0,0.0601,0,0,0,0,0
63,e06f0735635571a365fd4c7e1fe04739,good,0,,0.0258,0.1481,600,,0.0,0.0825,0.2811,0.4773,0.0025,0.1192,0.0825,0.0665,0.0007,0.133,0,0,0,0,0
64,25a2d4ecc1405c2bcc5c15a4b05fe2dd,good,0,,0.1509,0.1481,600,误杀FP,0.0953,0.0395,0.2189,0.0381,0.3775,0.0004,0.0395,0.0426,0.0001,0.0851,0,0,0,0,0
65,e3c49959cb3396be679c49fe22337f72,good,0,,0.0097,0.1481,600,,0.0012,0.051,0.25,0.2501,0.023,0.0003,0.051,0.0596,0.0007,0.1192,0,0,0,0,0
66,527456dc732a70f56929773bb6a0c1c8,good,0,,0.0167,0.1481,600,,0.023,0.1487,0.2189,0.3114,0.0141,0.0003,0.1487,0.0912,0.0012,0.1824,0,0,0,0,0
67,d46428a431b1c13d32e161e7bc0960be,good,0,,0.0479,0.1481,600,,0.0601,0.1904,0.3655,0.3112,0.1824,0.0,0.1904,0.0823,0.0004,0.1645,0,0,0,0,0
68,5dcd54ee2c33289cb14e76736b993add,good,0,,0.0242,0.1481,600,,0.0007,0.0379,0.2811,0.0928,0.0086,0.0032,0.0379,0.0596,0.0003,0.1192,0,0,0,0,0
69,4c02e27dd8c6d36492548e3af6c7f747,good,0,,0.0214,0.1481,600,,0.0474,0.0666,0.2811,0.1226,0.1824,0.0001,0.0666,0.0301,0.0006,0.0601,0,0,0,0,0
70,a17c0a0cd2e6a81dbc934e3958aede27,good,0,,0.0,0.1481,600,,0.0002,0.1638,0.2656,0.2501,0.0067,0.0002,0.1638,0.0477,0.0,0.0953,0,0,0,0,0
71,96fe54878560f0feb8600423637358be,good,0,,0.0088,0.1481,600,,0.0003,0.0597,0.2344,0.1114,0.0019,0.0,0.0597,0.0665,0.0012,0.133,0,0,0,0,0
72,983124d4095250930bc3a33470fb8757,good,0,,0.0193,0.1481,600,,0.0086,0.075,0.2038,0.0596,0.0373,0.0001,0.075,0.0268,0.0002,0.0534,0,0,0,0,0
73,e9c65f6c4e235c3101732ec5b62fca45,good,0,,0.0,0.1481,600,,0.0009,0.031,0.1471,0.1227,0.018,0.0003,0.031,0.0267,0.0067,0.0534,0,0,0,0,0
74,a8a4f68aada0b3d0a6ec250d6273a519,good,0,,0.0123,0.1481,600,,0.0,0.0477,0.2656,0.1888,0.0009,0.0,0.0477,0.0823,0.0,0.1645,0,0,0,0,0
75,fbe05e31951ffd55086cba7f824cb701,good,0,,0.0,0.1481,600,,0.0006,0.1475,0.2344,0.074,0.0086,0.0,0.1475,0.0267,0.0001,0.0534,0,0,0,0,0
76,c7109628fdb45e56a1a8d2da66f75981,good,0,,0.0,0.1481,600,,0.0012,0.0247,0.1226,0.0596,0.0067,0.0001,0.0247,0.0211,0.0006,0.0421,0,0,0,0,0
77,e58604ddbfcf329f6c5a654b95d23347,good,0,,0.0,0.1481,600,,0.0,0.0823,0.2963,0.2037,0.0041,0.0,0.0823,0.0426,0.0002,0.0851,0,0,0,0,0
78,119a2a6bc29c0ee69102f71bbfa70808,good,0,,0.0,0.1481,600,,0.0002,0.0426,0.2189,0.048,0.0141,0.0006,0.0426,0.0301,0.0001,0.0601,0,0,0,0,0
79,e13afd31650cb8d2df79816bfde1d6ec,good,0,,0.0,0.1481,600,,0.0015,0.1472,0.3112,0.3531,0.0141,0.0003,0.1472,0.074,0.0001,0.148,0,0,0,0,0
80,7ee63ad38026c5959f7f4e46cf9ca80a,good,0,,0.0139,0.1481,600,,0.0141,0.1015,0.2189,0.1604,0.0373,0.0001,0.1015,0.0426,0.0002,0.0851,0,0,0,0,0
81,f44af20c8ad4cfc8b5741616a2974887,good,0,,0.0,0.1481,600,,0.0001,0.038,0.1114,0.1009,0.0032,0.0,0.038,0.0477,0.011,0.0953,0,0,0,0,0
82,4139dda521b6a611c491b363d8667b08,good,0,,0.0,0.1481,600,,0.0067,0.0698,0.25,0.0665,0.0759,0.0001,0.0698,0.0912,0.0009,0.1824,0,0,0,0,0
83,783f47f686ffddd8463123579f1439c8,good,0,,0.0073,0.1481,600,,0.0015,0.1345,0.2811,0.353,0.0067,0.0001,0.1345,0.1009,0.0003,0.2018,0,0,0,0,0
84,92ea83f16b9ff11179316888cfcf2e3c,good,0,,0.0,0.1481,600,,0.0,0.1471,0.2037,0.1226,0.0009,0.0,0.1471,0.0823,0.0,0.1645,0,0,0,0,0
85,cd840a25cb823f077345bc654558ba79,good,0,,0.0146,0.1481,600,,0.0067,0.1123,0.3257,0.2039,0.0601,0.0004,0.1123,0.0823,0.0012,0.1645,0,0,0,0,0
86,b3948582411dbe9a2a65ddd76f1c1323,good,0,,0.0,0.1481,600,,0.011,0.024,0.1226,0.1226,0.3208,0.0001,0.024,0.0211,0.0009,0.0421,0,0,0,0,0
87,05ed65a4e70a08dcec64290091e8eeed,good,0,,0.0,0.1481,600,,0.0002,0.0379,0.2656,0.0742,0.0032,0.0004,0.0379,0.0596,0.0001,0.1192,0,0,0,0,0
88,54b96f25a451b83de9a02e9d3d958c28,good,0,,0.0079,0.1481,600,,0.0025,0.0427,0.3396,0.2037,0.0086,0.0001,0.0427,0.0477,0.0003,0.0953,0,0,0,0,0
89,a3d19fe7488507fd342d7a8443e3be1c,good,0,,0.0,0.1481,600,,0.0002,0.1229,0.25,0.1009,0.011,0.0,0.1229,0.074,0.0003,0.148,0,0,0,0,0
90,137d8a7c0dc7b6999e9bb8284e03f0eb,good,0,,0.02,0.1481,600,,0.0006,0.0543,0.3112,0.1471,0.0141,0.0001,0.0543,0.0379,0.0002,0.0759,0,0,0,0,0
91,8e7b377f8ecae7e59fd9b3521820a093,good,0,,0.0871,0.1481,600,,0.023,0.1126,0.2811,0.1114,0.0373,0.0,0.1126,0.074,0.0003,0.148,0,0,0,0,0
92,631ae42f3bba5a14f66122009e896a0e,good,0,,0.0077,0.1481,600,,0.0025,0.2107,0.2656,0.2037,0.011,0.0,0.2107,0.0823,0.0003,0.1645,0,0,0,0,0
93,71620e287d0a0863e0676536fccc73fa,good,0,,0.0114,0.1481,600,,0.0032,0.0446,0.3991,0.1612,0.0601,0.0015,0.0446,0.074,0.0004,0.148,0,0,0,0,0
94,2a7b9265becbfb18214217582436729f,good,0,,0.0723,0.1481,600,误杀FP,0.0001,0.2346,0.3655,0.1888,0.0373,0.0002,0.2346,0.0823,0.0001,0.1645,0,0,0,0,0
95,b2c8538be2a53dcbacac0e086148f7c8,good,0,,0.0037,0.1481,600,,0.0003,0.0477,0.2189,0.161,0.0141,0.0012,0.0477,0.0596,0.0001,0.1192,0,0,0,0,0
96,935883494d7922c3f7fb3d3aa1a976cd,good,0,,0.0,0.1481,600,,0.0,0.2037,0.2656,0.1604,0.0003,0.0001,0.2037,0.074,0.0003,0.148,0,0,0,0,0
97,03b3ee6e81950da86c455e6736139cc0,good,0,,0.0143,0.1481,600,,0.0012,0.0446,0.3655,0.2037,0.023,0.0,0.0446,0.1114,0.0,0.2227,0,0,0,0,0
98,79a7dbf04c21d0b32d0f5dc81b6f7bf2,good,0,,0.0,0.1481,600,,0.018,0.043,0.2656,0.038,0.0293,0.0002,0.043,0.0338,0.0012,0.0675,0,0,0,0,0
99,25a1581dd2b21dadf9cfce62fe865ff6,good,0,,0.0316,0.1481,600,,0.0032,0.0756,0.3396,0.1604,0.023,0.0,0.0756,0.0665,0.0007,0.133,0,0,0,0,0
100,92565a4b9f01cc1d653983d32283c5aa,good,0,,0.0,0.1481,600,,0.0007,0.0824,0.2964,0.1471,0.0067,0.0,0.0824,0.0477,0.0002,0.0953,0,0,0,0,0
101,7f8a4c152eb0dde567fcc2fcc90c60a0,good,0,,0.0043,0.1481,600,,0.023,0.0741,0.3257,0.0596,0.1824,0.0,0.0741,0.0267,0.0002,0.0534,0,0,0,0,0
102,aad901b910ff4fe4f04636f9be4f6372,good,0,,0.0116,0.1481,600,,0.0032,0.2813,0.2656,0.3283,0.0141,0.0052,0.2813,0.1114,0.0032,0.2227,0,0,0,0,0
103,ff91f5eb0336eaf9a75c9a6f5c93ea41,good,0,,0.0064,0.1481,600,,0.0,0.0665,0.3112,0.2189,0.0032,0.0,0.0665,0.0665,0.0,0.133,0,0,0,0,0
104,179793aaeade414668482909f0296872,good,0,,0.0228,0.1481,600,,0.0001,0.1345,0.2344,0.2344,0.0032,0.0,0.1345,0.0665,0.0001,0.133,0,0,0,0,0
105,a0acf9b009b13a2ecb3abd762787c569,good,0,,0.0207,0.1481,600,,0.0003,0.0596,0.3775,0.1888,0.011,0.0,0.0596,0.0912,0.0,0.1824,0,0,0,0,0
106,4e327e46cd4abd7e2bfad16e10a99d48,good,0,,0.0043,0.1481,600,,0.0012,0.0932,0.2811,0.0912,0.023,0.0,0.0932,0.074,0.0001,0.148,0,0,0,0,0
107,78d473d0d4d7db114e300eef12bc9733,bad,1,"还原度, 大小变化",0.0209,0.1481,600,漏检FN,0.0293,0.0698,0.2657,0.1745,0.0759,0.0004,0.0698,0.0742,0.0052,0.148,0,1,0,0,1
108,9cb40f60787d1f0cc12def89424ecc54,good,0,,0.0,0.1481,600,,0.0007,0.0486,0.2811,0.0477,0.148,0.0,0.0486,0.0534,0.0002,0.1067,0,0,0,0,0
109,1db06f44605e298583d31a3cc514e137,good,0,,0.0478,0.1481,600,,0.0601,0.0275,0.1744,0.0478,0.2227,0.0002,0.0275,0.038,0.0001,0.0759,0,0,0,0,0
110,b356a0297a22d75b03758feb21632fce,good,0,,0.0076,0.1481,600,,0.0009,0.0536,0.2189,0.0665,0.0041,0.0,0.0536,0.0533,0.0,0.1067,0,0,0,0,0
111,e8fcd8b55e048ecc4cf352c3fc1b12cb,good,0,,0.0419,0.1481,600,,0.0001,0.0668,0.2189,0.1009,0.0019,0.0,0.0668,0.0426,0.0,0.0851,0,0,0,0,0
112,fb080a1830ccdc05574083aa743be41f,good,0,,0.1595,0.1481,600,误杀FP,0.0025,0.0669,0.2037,0.0338,0.1824,0.0,0.0669,0.0596,0.0,0.1192,0,0,0,0,0
113,65dde24b368432a5ce9032e2d9db7d13,good,0,,0.0132,0.1481,600,,0.0007,0.19,0.2657,0.101,0.018,0.0001,0.19,0.0597,0.0012,0.1192,0,0,0,0,0
114,92eacd50c726621fc393adbbf886ed8d,good,0,,0.0028,0.1481,600,,0.0015,0.0483,0.25,0.1226,0.0601,0.0001,0.0483,0.0426,0.0009,0.0851,0,0,0,0,0
115,8543884467414b931915e05d92c125b3,good,0,,0.0381,0.1481,600,,0.0041,0.0535,0.2189,0.1604,0.018,0.0,0.0535,0.0477,0.0086,0.0953,0,0,0,0,0
116,a2036acc90d4545d6e9b71591a4ef1b9,good,0,,0.0237,0.1481,600,,0.0,0.1471,0.2656,0.2199,0.0001,0.0019,0.1471,0.0596,0.0,0.1192,0,0,0,0,0
117,06f607c71536687011921fba49accef1,good,0,,0.0088,0.1481,600,,0.0006,0.1346,0.2963,0.1744,0.0025,0.0002,0.1346,0.074,0.0007,0.148,0,0,0,0,0
118,c4271add6326f9293de3ccf676d7751a,good,0,,0.1121,0.1481,600,误杀FP,0.0,0.0668,0.2189,0.2344,0.0007,0.0001,0.0668,0.0823,0.0086,0.1645,0,0,0,0,0
119,f8e7c9d2c9ebbcf3ac39df28d057fc92,good,0,,0.0245,0.1481,600,,0.0086,0.162,0.3396,0.219,0.0601,0.0002,0.162,0.0912,0.0002,0.1824,0,0,0,0,0
120,9b2ca2fb2988934db59d28c414afbbb6,good,0,,0.0087,0.1481,600,,0.0009,0.027,0.2656,0.074,0.0601,0.0,0.027,0.0187,0.0006,0.0373,0,0,0,0,0
121,4a879de3b1c8bc9e58046f74fe680ca5,good,0,,0.0162,0.1481,600,,0.0001,0.0428,0.2656,0.185,0.0067,0.0759,0.0428,0.0338,0.0012,0.0675,0,0,0,0,0
122,32da5882e4999336b61382d28fdc2eeb,bad,1,还原度,0.0,0.1481,600,漏检FN,0.0,0.0832,0.1604,0.1743,0.0001,0.0,0.0832,0.0596,0.0007,0.1192,0,0,0,0,1
123,4ea9b07a5ec076290709ff281a6c2aa0,bad,1,"不合理的物体, 帧跳变",0.0375,0.1481,600,漏检FN,0.0003,0.1011,0.2811,0.1888,0.0025,0.0,0.1011,0.1225,0.0052,0.2451,1,0,1,0,0
124,9b09b5474307dcbc7a4531e9c0ca434c,good,0,,0.0,0.1481,600,,0.0002,0.2501,0.2811,0.3529,0.0019,0.0001,0.2501,0.074,0.0041,0.148,0,0,0,0,0
125,152bf818817ef68455fe75a19377f4c2,good,0,,0.0052,0.1481,600,,0.0003,0.0596,0.3529,0.1605,0.0032,0.0002,0.0596,0.0533,0.0002,0.1067,0,0,0,0,0
126,12f0f8b5c1277c2554519f65c51ec1a5,good,0,,0.0,0.1481,600,,0.0007,0.1349,0.3257,0.1888,0.0032,0.0,0.1349,0.1114,0.0001,0.2227,0,0,0,0,0
127,159a1f914d28512d40330e5943b1580a,bad,1,还原度,0.0054,0.1481,600,漏检FN,0.0002,0.1229,0.25,0.3532,0.0086,0.0007,0.1229,0.1114,0.0001,0.2227,0,0,0,0,1
128,0272da585a049c226fac20a35520e005,good,0,,0.041,0.1481,600,,0.0,0.0268,0.1743,0.1114,0.0032,0.0,0.0268,0.0477,0.0001,0.0953,0,0,0,0,0
129,72cf524707bcbb765b221bce653be8a2,good,0,,0.0372,0.1481,600,,0.0019,0.0601,0.1114,0.0823,0.0141,0.0,0.0601,0.0267,0.0004,0.0534,0,0,0,0,0
130,a288896ca9b87a1a61338eeac0724081,good,0,,0.0139,0.1481,600,,0.0015,0.0741,0.25,0.0913,0.0067,0.0001,0.0741,0.0665,0.0003,0.133,0,0,0,0,0
131,128ccd427aa058af409b9c9a3b130a40,good,0,,0.0096,0.1481,600,误杀FP,0.0001,0.0741,0.1471,0.8249,0.0004,0.9985,0.0741,0.0596,0.0067,0.1192,0,0,0,0,0
132,e01a426b6799b3e79cf91642c90ffa6b,good,0,,0.0089,0.1481,600,,0.0025,0.3138,0.3257,0.3113,0.0086,0.0001,0.3138,0.1225,0.0003,0.2451,0,0,0,0,0
133,49e8a192d63a32ec800ca5d9755f41e0,good,0,,0.0,0.1481,600,,0.0,0.1345,0.2656,0.1888,0.0,0.0,0.1345,0.0665,0.0,0.133,0,0,0,0,0
134,8b2f05b7a7fd2942e07d97898d7849ce,good,0,,0.0183,0.1481,600,,0.0006,0.0597,0.2189,0.1888,0.023,0.0001,0.0597,0.074,0.0001,0.148,0,0,0,0,0
135,a0cfee6c2607476b6c263b79bbfe5c95,good,0,,0.0017,0.1481,600,,0.0,0.0665,0.3775,0.2197,0.023,0.0015,0.0665,0.074,0.0003,0.148,0,0,0,0,0
136,d4761c49951dd92105ee8c32116af943,good,0,,0.0038,0.1481,600,,0.0373,0.0428,0.2964,0.1345,0.1192,0.0,0.0428,0.074,0.0,0.148,0,0,0,0,0
137,a07a1ebf789d469386d136528e936d3e,good,0,,0.016,0.1481,600,,0.0067,0.0602,0.2344,0.1114,0.0141,0.0002,0.0602,0.0823,0.011,0.1645,0,0,0,0,0
138,0a26bbeb9989d78df52a9e35aa63ea89,good,0,,0.0217,0.1481,600,,0.0001,0.0827,0.3887,0.2189,0.0141,0.0,0.0827,0.0823,0.0,0.1645,0,0,0,0,0
139,2aff94aaf78b052a5d3f4e85bcad3aa0,good,0,,0.0028,0.1481,600,,0.0025,0.1299,0.1744,0.0918,0.0141,0.0012,0.1299,0.0338,0.0015,0.0675,0,0,0,0,0
140,8d4ef01a412d8102af2beb85c48b0221,good,0,,0.0142,0.1481,600,,0.0001,0.0477,0.2811,0.1114,0.0019,0.0,0.0477,0.0596,0.0002,0.1192,0,0,0,0,0
141,c5043a50f76a905b567a88298735b3b7,good,0,,0.0,0.1481,600,,0.0003,0.1475,0.3112,0.3264,0.011,0.0015,0.1475,0.1114,0.0002,0.2227,0,0,0,0,0
142,1a01396b6abd7ed3532f37039ec801de,good,0,,0.0112,0.1481,600,误杀FP,0.0032,0.0982,0.3257,0.5112,0.0474,0.7773,0.0982,0.1114,0.0007,0.2227,0,0,0,0,0
143,c714495f8ca45cbea70dadaf0bf3e63d,good,0,,0.0,0.1481,600,,0.023,0.0598,0.3656,0.1225,0.3208,0.0,0.0598,0.0267,0.0003,0.0534,0,0,0,0,0
144,bd0a4c4b4e6805ac99c87defc39648bb,good,0,,0.0302,0.1481,600,,0.0019,0.366,0.2963,0.2968,0.0006,0.0009,0.366,0.0823,0.0474,0.1645,0,0,0,0,0
145,36b8bd4b6786111c8efd762a3ecc63ff,good,0,,0.0,0.1481,600,,0.0003,0.0827,0.3112,0.1753,0.0041,0.0019,0.0827,0.074,0.0086,0.148,0,0,0,0,0
146,26912a2d7c25c805600dbe0a8eaaf565,good,0,,0.1138,0.1481,600,误杀FP,0.0141,0.0339,0.1009,0.0338,0.0293,0.0,0.0339,0.0426,0.0001,0.0851,0,0,0,0,0
147,0c37ab9ca5f54bc5d73dc03582e724ae,good,0,,0.0112,0.1481,600,,0.011,0.0431,0.0823,0.1009,0.0086,0.0,0.0431,0.0267,0.0007,0.0534,0,0,0,0,0
148,9da54a5231118605b791a7dcfe7d4a55,good,0,,0.0138,0.1481,600,,0.0001,0.0381,0.2344,0.2336,0.0293,0.0293,0.0381,0.03,0.0001,0.0601,0,0,0,0,0
149,5697277c0a4f1a7d1e52acb7cb356816,good,0,,0.0818,0.1481,600,误杀FP,0.0,0.0427,0.3113,0.0379,0.0,0.0,0.0427,0.0665,0.0003,0.133,0,0,0,0,0
150,6d371ae512784db5bd02ead0f72a8c7b,good,0,,0.0079,0.1481,600,,0.018,0.0413,0.2189,0.1605,0.1824,0.0001,0.0413,0.0166,0.0003,0.0331,0,0,0,0,0
151,8498d088551eb2c422404070d1c2a993,good,0,,0.0278,0.1481,600,,0.0002,0.0916,0.2964,0.1743,0.0141,0.0,0.0916,0.0338,0.0001,0.0675,0,0,0,0,0
152,329215b9e12f7c8263586ca178f0fd50,good,0,,0.0279,0.1481,600,,0.0,0.0426,0.2037,0.0741,0.0002,0.0001,0.0426,0.0338,0.0003,0.0675,0,0,0,0,0
153,3602b4d78dba24e5fec9856176cbc51c,good,0,,0.044,0.1481,600,,0.0086,0.1415,0.2037,0.1115,0.148,0.0002,0.1415,0.0301,0.0086,0.0601,0,0,0,0,0
154,74b97dbb3e6c58017a59c9f19a89a519,bad,1,,0.0181,0.1481,600,,0.0373,0.0916,0.25,0.6899,0.148,0.8176,0.0916,0.038,0.0006,0.0759,0,0,0,0,0
155,b356dd9155264f29e443081db6c291d8,good,0,,0.0927,0.1481,600,,0.0025,0.0924,0.1743,0.0596,0.0293,0.0,0.0924,0.074,0.0002,0.148,0,0,0,0,0
156,5155afed6c5e37f4bb7d198d74209c58,bad,1,还原度,0.0153,0.1481,600,漏检FN,0.0019,0.0381,0.2811,0.0596,0.0086,0.0001,0.0381,0.0534,0.0003,0.1067,0,0,0,0,1
157,10d1b254e9d379c30ac2ad2e41759b90,good,0,,0.011,0.1481,600,,0.0,0.0268,0.3112,0.074,0.018,0.0,0.0268,0.0187,0.0,0.0373,0,0,0,0,0
158,108317bf8c6f90603afac31602e4fad0,good,0,,0.0173,0.1481,600,,0.0001,0.1226,0.2656,0.2344,0.0019,0.0,0.1226,0.074,0.0,0.148,0,0,0,0,0
159,69ba1bd40cf177bb1c6d1638cd851123,good,0,,0.0175,0.1481,600,误杀FP,0.0012,0.0668,0.3529,0.8022,0.1192,0.982,0.0668,0.0665,0.0025,0.133,0,0,0,0,0
160,7ecde7d62e83e451d1ebe6ada2f8246e,good,0,,0.0427,0.1481,600,,0.0,0.0598,0.2963,0.1114,0.0009,0.0,0.0598,0.0823,0.0,0.1645,0,0,0,0,0
161,97fcc8c295203fd7fd679626f9796afe,good,0,,0.0335,0.1481,600,,0.0,0.0681,0.1604,0.1658,0.0007,0.0373,0.0681,0.0477,0.0759,0.0953,0,0,0,0,0
162,69c5e98c1661d2b63f5c69286014560c,good,0,,0.0,0.1481,600,,0.0001,0.1114,0.2964,0.3113,0.0019,0.0001,0.1114,0.0596,0.0001,0.1192,0,0,0,0,0
163,a02ea0b73346f9d9c3d75f728c650000,good,0,,0.0137,0.1481,600,误杀FP,0.0,0.0338,0.2656,0.7051,0.0067,0.6792,0.0338,0.0533,0.0003,0.1067,0,0,0,0,0
164,5a26453f1f09257db736412ad6843dd2,good,0,,0.0174,0.1481,600,,0.0015,0.0302,0.1888,0.0534,0.0474,0.0001,0.0302,0.0477,0.0019,0.0953,0,0,0,0,0
165,1005ac09a0c2b8af3bc343309e10d196,good,0,,0.0425,0.1481,600,,0.0032,0.0238,0.2037,0.0211,0.0293,0.0001,0.0238,0.0534,0.0003,0.1067,0,0,0,0,0
166,da1239e84e42b2fa80d800ded39ca990,good,0,,0.0205,0.1481,600,,0.0012,0.2844,0.2037,0.2964,0.0067,0.0002,0.2844,0.0596,0.0373,0.1192,0,0,0,0,0
167,e9cbf0317d9871dc7d9a2646ae3c0552,good,0,,0.0197,0.1481,600,,0.0067,0.0601,0.2344,0.2037,0.0601,0.0001,0.0601,0.0379,0.0019,0.0759,0,0,0,0,0
168,57183097556c9f7d1398401514f3445e,good,0,,0.0271,0.1481,600,误杀FP,0.0001,0.1228,0.2037,0.877,0.0009,0.9991,0.1228,0.1114,0.023,0.2227,0,0,0,0,0
169,91252488379e431e4e546b8b4ef39e5d,good,0,,0.0094,0.1481,600,,0.011,0.0271,0.2501,0.1345,0.0759,0.0001,0.0271,0.0477,0.0032,0.0953,0,0,0,0,0
170,d941b7eaf96255308edd7d910b2370fc,good,0,,0.0,0.1481,600,,0.0,0.0912,0.25,0.251,0.0025,0.0019,0.0912,0.074,0.0007,0.148,0,0,0,0,0
171,5dfb08edaaa0d8f32b53ebd05d9bc04b,good,0,,0.1356,0.1481,600,误杀FP,0.0052,0.1227,0.3991,0.1009,0.148,0.0,0.1227,0.0823,0.0002,0.1645,0,0,0,0,0
172,be745b4585aa81060cc021397509686b,good,0,,0.0116,0.1481,600,误杀FP,0.1824,0.0307,0.2037,0.0477,0.6225,0.0,0.0307,0.0534,0.0052,0.1067,0,0,0,0,0
173,23f0faf53041328a3544df9531d91124,good,0,,0.0371,0.1481,600,,0.0006,0.038,0.2344,0.0339,0.0019,0.0003,0.038,0.074,0.0001,0.148,0,0,0,0,0
174,09d03099262b2e28fd1ec7a5d0bda6cf,good,0,,0.0,0.1481,600,,0.0141,0.0665,0.2344,0.0534,0.0759,0.0,0.0665,0.0211,0.0001,0.0421,0,0,0,0,0
175,8fdc8f08450d64d73e4257202723b9ea,bad,1,还原度,0.0,0.1481,600,漏检FN,0.0067,0.0598,0.2811,0.1743,0.0759,0.0,0.0598,0.1009,0.0007,0.2018,0,0,0,0,1
176,5d967d66c4b38987b03efdbfd13c5b90,good,0,,0.0007,0.1481,600,,0.0067,0.0435,0.2189,0.1605,0.0759,0.0002,0.0435,0.0823,0.0012,0.1645,0,0,0,0,0
177,27ff8ae62190c296bf2f960ee50c7aa0,good,0,,0.0689,0.1481,600,,0.0,0.0741,0.2811,0.1345,0.0009,0.0,0.0741,0.0823,0.0004,0.1645,0,0,0,0,0
178,7596f2905408be6305a59546b2604a2c,good,0,,0.0068,0.1481,600,,0.0001,0.0211,0.25,0.0596,0.0086,0.0,0.0211,0.0533,0.0003,0.1067,0,0,0,0,0
179,96d74ea73166d008be4f6d8fd4edbae9,good,0,,0.01,0.1481,600,,0.0003,0.0426,0.2656,0.1226,0.0141,0.0,0.0426,0.0596,0.0001,0.1192,0,0,0,0,0
180,a0df33e1dc9b6e82c5ce979596574f24,bad,1,物理规律,0.0039,0.1481,600,漏检FN,0.0002,0.074,0.3257,0.1345,0.011,0.0001,0.074,0.0379,0.0,0.0759,0,0,0,1,0
181,ee3eee3ddbdcac9928a2b875cecfea81,good,0,,0.0096,0.1481,600,误杀FP,0.0,0.1009,0.2037,0.8975,0.0052,0.9968,0.1009,0.0533,0.0015,0.1067,0,0,0,0,0
182,aac4357d7a1298e52467b988482f4c2b,good,0,,0.0507,0.1481,600,,0.0003,0.1013,0.2344,0.2434,0.0067,0.018,0.1013,0.074,0.0001,0.148,0,0,0,0,0
183,bdc80307-9278-46e3-b79a-e36a0cc90134,good,0,,0.0031,0.1481,600,,0.0,0.0601,0.1114,0.1345,0.0003,0.0001,0.0601,0.0596,0.0003,0.1192,0,0,0,0,0
184,560356aee549541219c7fa0fe51b0632,good,0,,0.0384,0.1481,600,,0.0001,0.0483,0.2189,0.1345,0.0025,0.0001,0.0483,0.0596,0.0006,0.1192,0,0,0,0,0
185,f4ccd95acad3163010d52d055e6c2729,good,0,,0.003,0.1481,600,,0.0003,0.0301,0.1743,0.0596,0.0141,0.0,0.0301,0.013,0.0001,0.026,0,0,0,0,0
186,ff4b61e71513d60951806081045b0f79,good,0,,0.0174,0.1481,600,误杀FP,0.023,0.0345,0.353,0.0912,0.7311,0.0,0.0345,0.0823,0.0007,0.1645,0,0,0,0,0
187,a976578ec80fc76c833b39cf69ce41ad,good,0,,0.0213,0.1481,600,,0.0003,0.0379,0.2963,0.1114,0.0052,0.0,0.0379,0.021,0.0,0.0421,0,0,0,0,0
188,9ef6e9c7ddf8e9c5c4718f46d84e8ce1,good,0,,0.0429,0.1481,600,,0.0474,0.048,0.2037,0.0477,0.0953,0.0,0.048,0.0534,0.0001,0.1067,0,0,0,0,0
189,ab4e5b266a496a385dae62d628dc363a,good,0,,0.012,0.1481,600,,0.0007,0.0483,0.2811,0.0596,0.0293,0.0,0.0483,0.0267,0.0,0.0534,0,0,0,0,0
190,548f9d746a693744e15a623aa4900eb9,good,0,,0.0,0.1481,600,,0.0,0.0823,0.2811,0.1888,0.0015,0.0,0.0823,0.0912,0.0,0.1824,0,0,0,0,0
191,713763029e78e73d35995d3a607bd4fd,good,0,,0.0172,0.1481,600,,0.0007,0.0381,0.0823,0.1011,0.018,0.0003,0.0381,0.0338,0.0004,0.0675,0,0,0,0,0
192,3934a7f8e8e3168e1a8393f5603a88ef,good,0,,0.0035,0.1481,600,,0.0041,0.1114,0.3113,0.1471,0.023,0.0,0.1114,0.0426,0.0004,0.0851,0,0,0,0,0
193,1173770bbd92e30692e78b794ace2fc8,good,0,,0.0237,0.1481,600,,0.0003,0.2037,0.2037,0.0534,0.0032,0.0,0.2037,0.0267,0.0002,0.0534,0,0,0,0,0
194,9b8dc874aa67d757226f24b4aa1166e1,good,0,,0.1852,0.1481,600,误杀FP,0.0009,0.101,0.3257,0.1904,0.0086,0.0032,0.101,0.0912,0.0,0.1824,0,0,0,0,0
195,bb35cbb0ba721d73b03cc360b5de7e7e,good,0,,0.0035,0.1481,600,,0.0,0.1115,0.1604,0.1114,0.0003,0.0,0.1115,0.0379,0.0001,0.0759,0,0,0,0,0
196,db0208c36cc9d13e1035480a7f038939,good,0,,0.0026,0.1481,600,,0.0012,0.0226,0.1471,0.1753,0.023,0.0019,0.0226,0.0596,0.0032,0.1192,0,0,0,0,0
197,6a4ffbf9e091b930b7d2c2451f178f94,good,0,,0.0,0.1481,600,,0.0001,0.038,0.3112,0.1347,0.0019,0.0006,0.038,0.0596,0.0001,0.1192,0,0,0,0,0
198,f167e6d366170220e97c0c084ba2b0b6,good,0,,0.0036,0.1481,600,,0.0001,0.0554,0.2656,0.1472,0.0032,0.0001,0.0554,0.0426,0.0015,0.0851,0,0,0,0,0
199,09a16d8404631c07ab56e44aae4247e3,good,0,,0.0395,0.1481,600,,0.0009,0.0666,0.25,0.219,0.0052,0.0001,0.0666,0.0665,0.0009,0.133,0,0,0,0,0
200,107fd0c1-9521-4c8a-b2ed-d19b66823e0a,good,0,,0.0242,0.1481,600,,0.0,0.1009,0.2656,0.1888,0.0004,0.0,0.1009,0.0823,0.0001,0.1645,0,0,0,0,0
201,a41414c70b147feffd54efa0642d3783,good,0,,0.0,0.1481,600,,0.0,0.0665,0.2344,0.3396,0.0015,0.148,0.0665,0.0912,0.0041,0.1824,0,0,0,0,0
202,546c50df44ec958bc531f795d330900c,good,0,,0.0025,0.1481,600,,0.0019,0.1361,0.3529,0.25,0.0067,0.0001,0.1361,0.1114,0.0041,0.2227,0,0,0,0,0
203,b1cd135e2112a8db3aa86bd0d1fc68c0,good,0,,0.0548,0.1481,600,,0.0025,0.0433,0.2344,0.1226,0.018,0.0,0.0433,0.0596,0.0,0.1192,0,0,0,0,0
204,2309d91b4a58566414a1402d43ed0016,good,0,,0.0101,0.1481,600,,0.0004,0.1235,0.25,0.326,0.0086,0.0007,0.1235,0.074,0.0002,0.148,0,0,0,0,0
205,f30507070be4db6c61f32677d9736b93,good,0,,0.0,0.1481,600,,0.0141,0.0967,0.2965,0.3048,0.0759,0.0474,0.0967,0.0302,0.0012,0.0601,0,0,0,0,0
206,417b6772a0a6f5a046653516cefc4538,good,0,,0.0457,0.1481,600,,0.0373,0.0686,0.3257,0.1605,0.0759,0.0001,0.0686,0.0596,0.0006,0.1192,0,0,0,0,0
207,6bad751ce8b3518bcc2e386002e81a0e,good,0,,0.0,0.1481,600,,0.0015,0.0535,0.3529,0.1114,0.0086,0.0001,0.0535,0.0665,0.0,0.133,0,0,0,0,0
208,acf9a02b17a3a488e8cfb870be5cecca,good,0,,0.0,0.1481,600,,0.0,0.0823,0.3112,0.2189,0.0052,0.0,0.0823,0.0426,0.0,0.0851,0,0,0,0,0
209,404db31aa4f8fbb008c00dd0cd91aac1,good,0,,0.034,0.1481,600,,0.0474,0.1203,0.2811,0.1744,0.0759,0.0001,0.1203,0.0912,0.011,0.1824,0,0,0,0,0
210,78a41a88a20496a85a8ba08795a85f32,good,0,,0.0238,0.1481,600,,0.011,0.1029,0.2812,0.0823,0.0293,0.0001,0.1029,0.0301,0.0002,0.0601,0,0,0,0,0
211,7627652d74bca2f5eee792183f782ade,good,0,,0.0249,0.1481,600,,0.0067,0.2081,0.3113,0.1471,0.0041,0.0,0.2081,0.074,0.0007,0.148,0,0,0,0,0
212,03cd8d4c0f49b0a522b8790a39a4540c,good,0,,0.1771,0.1481,600,误杀FP,0.0373,0.0824,0.2656,0.1345,0.018,0.0001,0.0824,0.0912,0.0012,0.1824,0,0,0,0,0
213,db175ecc2edfe41fd4ca01a292eaaef8,good,0,,0.0037,0.1481,600,,0.0041,0.043,0.1888,0.1345,0.0293,0.0001,0.043,0.0238,0.0032,0.0474,0,0,0,0,0
214,2c59ea46c460990b56da779b2c0b0201,good,0,,0.0,0.1481,600,,0.0,0.0629,0.1009,0.1009,0.0009,0.0001,0.0629,0.0338,0.0019,0.0675,0,0,0,0,0
215,1b2a5c69c0ecf7a9a8d1d3284efa5165,good,0,,0.0016,0.1481,600,,0.023,0.0271,0.2189,0.0823,0.2227,0.0001,0.0271,0.0338,0.0006,0.0675,0,0,0,0,0
216,65f5000ee57700826a877a21f4cce2db,good,0,,0.0034,0.1481,600,,0.0025,0.0489,0.1345,0.3614,0.011,0.5,0.0489,0.0426,0.0067,0.0851,0,0,0,0,0
217,681437952bec7369923599d55a148be6,good,0,,0.1562,0.1481,600,误杀FP,0.0006,0.0823,0.2656,0.1009,0.011,0.0001,0.0823,0.0665,0.0002,0.133,0,0,0,0,0
218,463f345a99f1f3f2520966a2ba0fb433,good,0,,0.014,0.1481,600,,0.023,0.1708,0.3113,0.1472,0.0953,0.0001,0.1708,0.0534,0.0002,0.1067,0,0,0,0,0
219,557304ea70fff117fa0d8a56d6746e8a,good,0,,0.0574,0.1481,600,,0.0086,0.1009,0.3396,0.1471,0.0474,0.0,0.1009,0.0912,0.0001,0.1824,0,0,0,0,0
220,ca6be31640a1c6c4f3e05be925171e33,good,0,,0.027,0.1481,600,,0.0007,0.0477,0.3113,0.0666,0.023,0.0003,0.0477,0.0301,0.0003,0.0601,0,0,0,0,0
221,34a6215c8e22f61dde8ddcc2008e24e8,good,0,,0.0599,0.1481,600,,0.0373,0.0597,0.25,0.0665,0.0759,0.0001,0.0597,0.0596,0.0002,0.1192,0,0,0,0,0
222,e3cb3f5f53d007da9f1a701dbd72c21b,good,0,,0.0238,0.1481,600,误杀FP,0.2227,0.1351,0.2504,0.5152,0.1824,0.4378,0.1351,0.0537,0.0474,0.1067,0,0,0,0,0
223,783d747f-a49e-49bb-a11f-95b40172d786,good,0,,0.022,0.1481,600,,0.0012,0.0536,0.1888,0.1604,0.0086,0.0001,0.0536,0.0187,0.0002,0.0373,0,0,0,0,0
224,9addd840f7918e75028e3185ee429d99,good,0,,0.0,0.1481,600,,0.0,0.0187,0.2656,0.1225,0.0015,0.0,0.0187,0.0267,0.0,0.0534,0,0,0,0,0
225,6abf39867031b35bf759a081908df082,good,0,,0.0205,0.1481,600,,0.0007,0.0824,0.2037,0.0928,0.0141,0.0032,0.0824,0.1471,0.0025,0.2942,0,0,0,0,0
226,676c9774addd9c2e807393c7f3c832e5,good,0,,0.0007,0.1481,600,,0.0003,0.0824,0.1604,0.1472,0.0009,0.0002,0.0824,0.03,0.0012,0.0601,0,0,0,0,0
227,629c26f68ce524bb6ce0e18db7f0141e,good,0,,0.12,0.1481,600,误杀FP,0.0003,0.0534,0.2811,0.2038,0.0025,0.0003,0.0534,0.074,0.0041,0.148,0,0,0,0,0
228,35fae518197827249a4c3538b895ff40,good,0,,0.0197,0.1481,600,,0.0025,0.1753,0.3396,0.2189,0.018,0.0,0.1753,0.0913,0.0002,0.1824,0,0,0,0,0
229,5c9dea26d7952d759e00afcfe7c16ad8,good,0,,0.1078,0.1481,600,,0.0019,0.0339,0.1471,0.0534,0.023,0.0,0.0339,0.0267,0.0007,0.0534,0,0,0,0,0
230,43b7a6a4842c509f256847ce6237893f,good,0,,0.002,0.1481,600,,0.0293,0.0601,0.3114,0.0825,0.0953,0.0006,0.0601,0.0666,0.0019,0.133,0,0,0,0,0
231,bd7a6c14280417b6ae1da098d2f57d91,bad,1,物理规律,0.0001,0.1481,600,漏检FN,0.018,0.0413,0.2656,0.101,0.023,0.0003,0.0413,0.0596,0.023,0.1192,0,0,0,1,0
232,8c811056e2951950bee397d6e0f5b635,good,0,,0.0193,0.1481,600,,0.0086,0.2346,0.2656,0.2345,0.023,0.0002,0.2346,0.1114,0.0032,0.2227,0,0,0,0,0
233,5e9241a3c3eb359379591b30754d6369,good,0,,0.025,0.1481,600,,0.0067,0.0824,0.3112,0.1604,0.0953,0.0,0.0824,0.074,0.0009,0.148,0,0,0,0,0
234,c7f84a96825b4cb0738a3d6a59881cc4,good,0,,0.0168,0.1481,600,,0.0041,0.1378,0.2964,0.2344,0.0067,0.0,0.1378,0.0665,0.0003,0.133,0,0,0,0,0
235,4dd4b51ebf99566530aded5f99f8b9e9,good,0,,0.0269,0.1481,600,,0.011,0.031,0.2811,0.0912,0.0953,0.0001,0.031,0.0211,0.0953,0.0421,0,0,0,0,0
236,7112db5d3f466bf73be570f3d905a9f6,good,0,,0.0059,0.1481,600,,0.0141,0.056,0.2189,0.0912,0.148,0.0001,0.056,0.0426,0.0032,0.0851,0,0,0,0,0
237,c9317295aa7bc69d11804f1d08730725,good,0,,0.0415,0.1481,600,,0.0019,0.0543,0.2811,0.1888,0.0474,0.0,0.0543,0.0823,0.0002,0.1645,0,0,0,0,0
238,0f5d8e9c48a72c1f47515856dee01cb2,good,0,,0.0,0.1481,600,,0.0001,0.1226,0.1888,0.1471,0.0032,0.0,0.1226,0.0379,0.0001,0.0759,0,0,0,0,0
239,44789e7eb4941f6d973166162598becd,good,0,,0.0289,0.1481,600,,0.0052,0.1497,0.3396,0.1226,0.0141,0.0001,0.1497,0.0477,0.0006,0.0953,0,0,0,0,0
240,b64b566ecd1adf90f395bb6cb8807881,good,0,,0.0459,0.1481,600,,0.0086,0.1011,0.3257,0.2344,0.023,0.0001,0.1011,0.1114,0.0001,0.2227,0,0,0,0,0
241,8cf916d2a30747353166bc7b9ed33adf,good,0,,0.0137,0.1481,600,,0.0015,0.043,0.2656,0.0912,0.0293,0.0001,0.043,0.0379,0.0002,0.0759,0,0,0,0,0
242,4de3bc2193cc8d88d12ceb588d8b7e0f,good,0,,0.015,0.1481,600,,0.0002,0.074,0.2656,0.2189,0.0086,0.0,0.074,0.0596,0.0006,0.1192,0,0,0,0,0
243,02e85eb23d7972c2e78b610a56993acc,good,0,,0.0085,0.1481,600,,0.0019,0.0389,0.2345,0.0426,0.0086,0.0,0.0389,0.0211,0.0001,0.0421,0,0,0,0,0
244,008ac3aaec076730ef03599250c0f9ae,good,0,,0.0208,0.1481,600,,0.0141,0.0651,0.2656,0.1744,0.0293,0.0002,0.0651,0.074,0.0041,0.148,0,0,0,0,0
245,02af1dd34990865eb3cb2ea6ee502992,good,0,,0.0,0.1481,600,,0.0009,0.1745,0.2811,0.2811,0.0032,0.0,0.1745,0.074,0.0,0.148,0,0,0,0,0
246,f885fb003684c8b8148577877333b6e0,good,0,,0.0,0.1481,600,误杀FP,0.0041,0.1228,0.3529,0.4867,0.0373,0.6792,0.1228,0.1345,0.0373,0.2689,0,0,0,0,0
247,ccfb17ea9c16e7e20f516c9453ba846f,good,0,,0.0109,0.1481,600,,0.018,0.0629,0.2344,0.0503,0.0601,0.0052,0.0629,0.0596,0.0032,0.1192,0,0,0,0,0
248,590e7bae3478f3986578d937e3d5f871,good,0,,0.0036,0.1481,600,,0.0,0.0534,0.1888,0.1345,0.0006,0.0,0.0534,0.0823,0.0001,0.1645,0,0,0,0,0
249,f92cfc41004d3e60a5bf5456cea2d497,good,0,,0.0,0.1481,600,,0.0003,0.1114,0.3112,0.1226,0.0141,0.0001,0.1114,0.0596,0.0001,0.1192,0,0,0,0,0
250,db9fc2e7819c4130b00a56bfa73820c8,good,0,,0.0158,0.1481,600,,0.0009,0.0592,0.1743,0.0913,0.0141,0.0002,0.0592,0.0211,0.0007,0.0421,0,0,0,0,0
251,5d878f9496e0debc41356d86057e951e,good,0,,0.0741,0.1481,600,,0.0007,0.0753,0.2344,0.2037,0.011,0.0,0.0753,0.1009,0.0003,0.2018,0,0,0,0,0
252,718f147dfd88dd935b559e76089c7d58,good,0,,0.021,0.1481,600,,0.0601,0.1751,0.3396,0.2664,0.0953,0.0015,0.1751,0.0596,0.011,0.1192,0,0,0,0,0
253,39077ffbabd60c44918172756921c2be,good,0,,0.051,0.1481,600,,0.0067,0.1921,0.3396,0.25,0.0373,0.0,0.1921,0.0426,0.0001,0.0851,0,0,0,0,0
254,7111897bdc6304194d409c1c9e4a224d,good,0,,0.0029,0.1481,600,,0.0032,0.0668,0.25,0.0912,0.0373,0.0001,0.0668,0.0267,0.0007,0.0534,0,0,0,0,0
255,58cfbc58310434f1c2341a3787df39c5,good,0,,0.0754,0.1481,600,,0.0052,0.1115,0.3655,0.2038,0.0759,0.0002,0.1115,0.1225,0.0007,0.2451,0,0,0,0,0
256,2646d325b247053ebd9fcf9a82e08be5,good,0,,0.0058,0.1481,600,,0.0003,0.0665,0.25,0.1471,0.018,0.0,0.0665,0.0596,0.0003,0.1192,0,0,0,0,0
257,0f17c5e74368942c2aeeb74bba709dbf,good,0,,0.0067,0.1481,600,,0.0009,0.0237,0.3887,0.0823,0.2227,0.0,0.0237,0.0267,0.0,0.0534,0,0,0,0,0
258,b1d21452989efdc410ee685c59c17ba2,good,0,,0.0497,0.1481,600,,0.0601,0.1914,0.3397,0.1226,0.3775,0.0001,0.1914,0.0823,0.0025,0.1645,0,0,0,0,0
259,fd36edaaf8173bc9ad8c6c0055760d26,good,0,,0.0174,0.1481,600,,0.0,0.0602,0.25,0.3396,0.0002,0.0,0.0602,0.0823,0.0001,0.1645,0,0,0,0,0
260,c4000a13af6e62536bac8cf85208a473,good,0,,0.2064,0.1481,600,误杀FP,0.0001,0.0477,0.3112,0.1471,0.0025,0.0,0.0477,0.074,0.0,0.148,0,0,0,0,0
261,796c9a88bcf6b9ad49381dd2b58c3151,good,0,,0.0,0.1481,600,,0.0052,0.1116,0.2811,0.0823,0.0373,0.0,0.1116,0.0741,0.0003,0.148,0,0,0,0,0
262,87ba567da4eb53b02ba17dd873ec5110,good,0,,0.0254,0.1481,600,,0.0002,0.101,0.2037,0.4699,0.0086,0.3775,0.101,0.0379,0.0009,0.0759,0,0,0,0,0
263,21db603a410e6a0f018955da12ecd884,good,0,,0.0,0.1481,600,,0.0004,0.0824,0.3112,0.2195,0.0019,0.0012,0.0824,0.0534,0.0006,0.1067,0,0,0,0,0
264,a382b5627f2d6e7a2e41401de17c0976,good,0,,0.1777,0.1481,600,误杀FP,0.0007,0.2376,0.2656,0.2344,0.0086,0.0,0.2376,0.1114,0.0009,0.2227,0,0,0,0,0
265,310bd0291399b5b265334944c9260bac,good,0,,0.0317,0.1481,600,,0.0001,0.0823,0.2037,0.1604,0.0015,0.0,0.0823,0.1114,0.0002,0.2227,0,0,0,0,0
266,c4962638e9a009b5c33b3bf43197f10a,good,0,,0.0037,0.1481,600,,0.0007,0.0823,0.2811,0.1345,0.0052,0.0,0.0823,0.0426,0.0004,0.0851,0,0,0,0,0
267,f507b61071074892ab1dce9815a06495,good,0,,0.0,0.1481,600,误杀FP,0.0002,0.101,0.1114,0.8521,0.0041,0.9985,0.101,0.0823,0.0012,0.1645,0,0,0,0,0
268,22dd100a5e8bccb6a888ff211a11a698,good,0,,0.0093,0.1481,600,误杀FP,0.0015,0.1025,0.1888,0.656,0.0086,0.9047,0.1025,0.0534,0.0052,0.1067,0,0,0,0,0
269,39c321073b32f1b652c75f14caced2cb,good,0,,0.0054,0.1481,600,,0.0,0.0598,0.1471,0.1114,0.0003,0.0001,0.0598,0.0477,0.0015,0.0953,0,0,0,0,0
270,8b15d4516d22ed4c3ac8a50d501518bd,good,0,,0.0353,0.1481,600,,0.0006,0.0338,0.3396,0.1345,0.011,0.0,0.0338,0.0665,0.0,0.133,0,0,0,0,0
271,63d7c9061db9b8baec0bce737fc8215a,good,0,,0.0771,0.1481,600,,0.0004,0.0428,0.1604,0.1226,0.0019,0.0,0.0428,0.0477,0.0012,0.0953,0,0,0,0,0
272,97f806f68b0fc97d9b1b44532229a432,good,0,,0.0088,0.1481,600,,0.0025,0.0741,0.3529,0.1888,0.023,0.0001,0.0741,0.1114,0.0002,0.2227,0,0,0,0,0
273,85edd2f318416e916a9c83408b58fb2b,good,0,,0.0053,0.1481,600,,0.0007,0.1229,0.3396,0.2501,0.0052,0.0001,0.1229,0.1225,0.0025,0.2451,0,0,0,0,0
274,7be9df921ff69e52ab55f16c55c11f35,good,0,,0.0192,0.1481,600,,0.0004,0.1052,0.25,0.2658,0.0373,0.0004,0.1052,0.0338,0.0002,0.0675,0,0,0,0,0
275,e01ac345be20c684a5b8017099e03b9a,good,0,,0.0895,0.1481,600,误杀FP,0.0019,0.1014,0.3112,0.1114,0.0601,0.0,0.1014,0.0823,0.0006,0.1645,0,0,0,0,0
276,0c1396581da6e01893396edddba11521,good,0,,0.1442,0.1481,600,误杀FP,0.0373,0.0549,0.2344,0.0666,0.0759,0.0002,0.0549,0.0912,0.0003,0.1824,0,0,0,0,0
277,9ddd44a7e790d71150c03977b48890a6,good,0,,0.1076,0.1481,600,,0.0001,0.0744,0.2656,0.1474,0.0009,0.0006,0.0744,0.1345,0.0,0.2689,0,0,0,0,0
278,8f8c40690a7dab6a64718804ff7197d7,good,0,,0.0049,0.1481,600,,0.0006,0.0672,0.1888,0.1743,0.0025,0.0,0.0672,0.0426,0.0002,0.0851,0,0,0,0,0
279,5ca68c0336eb491e1d79c6ae9e9041fd,good,0,,0.0157,0.1481,600,,0.0001,0.1471,0.3112,0.2344,0.0015,0.0,0.1471,0.0665,0.0001,0.133,0,0,0,0,0
280,8d9742bda0e8707be805fa83046e347f,good,0,,0.0438,0.1481,600,,0.0019,0.0503,0.2189,0.1345,0.018,0.0001,0.0503,0.074,0.0019,0.148,0,0,0,0,0
281,b013fad08f65c5faf33817411218f596,good,0,,0.0238,0.1481,600,,0.0067,0.0669,0.3396,0.2037,0.0141,0.0,0.0669,0.1009,0.0003,0.2018,0,0,0,0,0
282,849dee8901beaada1f2e6e8503ea4921,good,0,,0.0267,0.1481,600,,0.0015,0.1471,0.3655,0.1889,0.0373,0.0003,0.1471,0.0912,0.0001,0.1824,0,0,0,0,0
283,43623f4ab2e5908217775c01ad23a7dd,good,0,,0.0,0.1481,600,误杀FP,0.0601,0.0666,0.3529,0.0596,0.5,0.0,0.0666,0.0665,0.0001,0.133,0,0,0,0,0
284,186f109b-0d05-4eef-be46-670bffba60b1,good,0,,0.0356,0.1481,600,,0.0001,0.1226,0.2963,0.2037,0.0019,0.0,0.1226,0.0533,0.0,0.1067,0,0,0,0,0
285,e60d12e7ee3af15bccc54b212ddc16e9,good,0,,0.0195,0.1481,600,,0.0293,0.1229,0.2811,0.1471,0.0601,0.0001,0.1229,0.0912,0.0009,0.1824,0,0,0,0,0
286,318682d6113051d4d9496741244ecb9a,good,0,,0.1581,0.1481,600,误杀FP,0.0019,0.0828,0.2963,0.1009,0.0141,0.0,0.0828,0.074,0.0002,0.148,0,0,0,0,0
287,b3ed86c0e2ee49a4ad3c991f320c691d,good,0,,0.0022,0.1481,600,,0.0,0.1114,0.2037,0.1114,0.0004,0.0,0.1114,0.0596,0.0,0.1192,0,0,0,0,0
288,ca2209f162a31a6f60843bd102ee6780,good,0,,0.0209,0.1481,600,,0.0052,0.043,0.2037,0.1346,0.148,0.0003,0.043,0.0379,0.0019,0.0759,0,0,0,0,0
289,c401c6c32ad21fc09841df480f671275,good,0,,0.0856,0.1481,600,误杀FP,0.0001,0.0381,0.3112,0.0823,0.0086,0.0,0.0381,0.074,0.0001,0.148,0,0,0,0,0
290,2e6dfe701affe68739156397a9d86b92,good,0,,0.0434,0.1481,600,,0.148,0.0549,0.2502,0.1009,0.2227,0.0001,0.0549,0.0428,0.0019,0.0851,0,0,0,0,0
291,15007304627397acda9bb9e6f57f83db,good,0,,0.0409,0.1481,600,误杀FP,0.0004,0.2152,0.2344,0.2044,0.011,0.0015,0.2152,0.0912,0.5622,0.1824,0,0,0,0,0
292,824566a106ade98ef8880a72577968dd,good,0,,0.089,0.1481,600,,0.0001,0.0597,0.3257,0.1472,0.0067,0.0002,0.0597,0.0823,0.0003,0.1645,0,0,0,0,0
293,ee7a65cecdcaa5d110133ed3927b27cc,good,0,,0.0195,0.1481,600,误杀FP,0.0006,0.1233,0.3112,0.8783,0.0373,0.9047,0.1233,0.074,0.0012,0.148,0,0,0,0,0
294,70e4cd1848f739626a898306493d593d,good,0,,0.002,0.1481,600,,0.0052,0.0914,0.2189,0.2711,0.0373,0.011,0.0914,0.0823,0.0293,0.1645,0,0,0,0,0
295,dd86e666a2b12379071ed37dd8e8f498,good,0,,0.0026,0.1481,600,,0.0759,0.0832,0.3902,0.1759,0.1824,0.0032,0.0832,0.1129,0.0141,0.2227,0,0,0,0,0
296,f480fe98f54545f0722a848cc05f8191,good,0,,0.0991,0.1481,600,误杀FP,0.0001,0.0187,0.1888,0.0596,0.0067,0.0,0.0187,0.0534,0.0003,0.1067,0,0,0,0,0
297,696845717e1387a1376c6363f0147077,good,0,,0.0105,0.1481,600,,0.0004,0.0823,0.1888,0.1744,0.0052,0.0002,0.0823,0.0478,0.0009,0.0953,0,0,0,0,0
298,dfcbcc828e6b4964fd3e99874f30cd6a,good,0,,0.1164,0.1481,600,误杀FP,0.0007,0.0477,0.25,0.0823,0.0052,0.0,0.0477,0.0912,0.0001,0.1824,0,0,0,0,0
299,cbe6f74f874d6cc45a94a50edd7791d5,good,0,,0.0239,0.1481,600,,0.0007,0.0914,0.25,0.1744,0.0373,0.0002,0.0914,0.0477,0.0041,0.0953,0,0,0,0,0
300,4b16c19596016e5987237e37125e6603,good,0,,0.0,0.1481,600,,0.0002,0.1471,0.2656,0.1471,0.0086,0.0,0.1471,0.0477,0.0003,0.0953,0,0,0,0,0
301,2ea08a78b34a26736f8670393a0b2cec,good,0,,0.0149,0.1481,600,,0.018,0.038,0.2963,0.0477,0.4378,0.0,0.038,0.0379,0.0002,0.0759,0,0,0,0,0
302,b932a76de4dabce0018e9610bb72673d,good,0,,0.0484,0.1481,600,,0.0001,0.0913,0.2344,0.0665,0.011,0.0,0.0913,0.0665,0.0,0.133,0,0,0,0,0
303,39478d945c54e4f75e25ae44e7e71e89,good,0,,0.0277,0.1481,600,,0.0025,0.0441,0.25,0.1345,0.0601,0.0,0.0441,0.0426,0.0002,0.0851,0,0,0,0,0
304,0f32ab5469e70cd67e9c348f07d52f97,good,0,,0.0063,0.1481,600,,0.0,0.1118,0.2344,0.219,0.0025,0.0001,0.1118,0.0379,0.0,0.0759,0,0,0,0,0
305,854f4ac58d8396e9cf4e5253ee7ce9c6,good,0,,0.0197,0.1481,600,,0.0041,0.0893,0.25,0.1605,0.0141,0.0001,0.0893,0.0477,0.0052,0.0953,0,0,0,0,0
306,14e73c50d85c1a6d4792489c665b1da0,good,0,,0.0248,0.1481,600,,0.0015,0.0381,0.3655,0.1345,0.0759,0.0,0.0381,0.0211,0.0004,0.0421,0,0,0,0,0
307,0a4641b5f2c0fc1ca058e0681e7afc97,good,0,,0.0564,0.1481,600,,0.0041,0.1607,0.2344,0.25,0.018,0.0001,0.1607,0.0741,0.0002,0.148,0,0,0,0,0
308,1d5541b95311790b8fefe6a5d4d99505,good,0,,0.0003,0.1481,600,,0.0067,0.0468,0.1604,0.0338,0.0601,0.0,0.0468,0.074,0.0002,0.148,0,0,0,0,0
309,237fc6af233063f1c68547569e05a682,good,0,,0.0123,0.1481,600,,0.0004,0.0477,0.25,0.1114,0.0067,0.0001,0.0477,0.0665,0.0003,0.133,0,0,0,0,0
310,e3be62ea07068e73edbc481f4f261190,good,0,,0.0,0.1481,600,,0.0009,0.2512,0.2037,0.14,0.018,0.011,0.2512,0.1009,0.0015,0.2018,0,0,0,0,0
311,968876dd3fc851948fc0e91c9726296a,good,0,,0.0441,0.1481,600,误杀FP,0.0,0.0912,0.1888,0.2376,0.0015,0.0373,0.0912,0.0533,0.6792,0.1067,0,0,0,0,0
312,f31aac4dcd00601907619f790fb92b49,good,0,,0.0517,0.1481,600,,0.0032,0.0826,0.3257,0.0912,0.0141,0.0,0.0826,0.0596,0.0001,0.1192,0,0,0,0,0
313,1595f5cf06d123a865131ae6acb7f869,good,0,,0.0,0.1481,600,,0.011,0.0371,0.1471,0.0915,0.1192,0.0006,0.0371,0.0211,0.0009,0.0421,0,0,0,0,0
314,8434cc98a515ac97027399a1c05e585f,good,0,,0.0235,0.1481,600,,0.0601,0.0755,0.2964,0.1345,0.1192,0.0001,0.0755,0.0338,0.0015,0.0675,0,0,0,0,0
315,f771c63c66c5e6d9c446e6b2937b0470,good,0,,0.0129,0.1481,600,,0.0086,0.1914,0.3397,0.2989,0.0474,0.0052,0.1914,0.0665,0.0006,0.133,0,0,0,0,0
316,f12e65577ed1f4bb491f6b214457ce38,good,0,,0.0122,0.1481,600,,0.0001,0.2037,0.1888,0.2811,0.0041,0.0001,0.2037,0.0912,0.0041,0.1824,0,0,0,0,0
317,0ecd8de9d3fcda488d338c9ab2287bc5,good,0,,0.0283,0.1481,600,,0.0009,0.0597,0.2189,0.2346,0.0052,0.0003,0.0597,0.0338,0.0373,0.0675,0,0,0,0,0
318,45364631a33416f185cf7f0cbb36f651,good,0,,0.0,0.1481,600,,0.0002,0.0596,0.1888,0.1009,0.0052,0.0,0.0596,0.1009,0.0067,0.2018,0,0,0,0,0
319,db91155ee318681c1a0f107111761824,good,0,,0.0,0.1481,600,,0.0003,0.0426,0.2189,0.0534,0.0019,0.0002,0.0426,0.0338,0.0012,0.0675,0,0,0,0,0
320,b2476d36236b2ae342d18aea24a1edf0,good,0,,0.0107,0.1481,600,,0.0004,0.0824,0.2037,0.1743,0.0067,0.0,0.0824,0.074,0.0004,0.148,0,0,0,0,0
321,ce3bf093a60bfa14acffa8501499a169,good,0,,0.0,0.1481,600,,0.011,0.1605,0.3113,0.0913,0.148,0.0003,0.1605,0.1114,0.0052,0.2227,0,0,0,0,0
322,6c26cf2656d41b21ef6a480a59f28a57,good,0,,0.0142,0.1481,600,,0.0025,0.0648,0.2189,0.1744,0.018,0.0002,0.0648,0.0823,0.0052,0.1645,0,0,0,0,0
323,0114987335fc56310f7a8213abd5e54d,good,0,,0.0116,0.1481,600,,0.0,0.0596,0.2811,0.219,0.0086,0.0001,0.0596,0.0379,0.0,0.0759,0,0,0,0,0
324,5af9ea41bc2b181ae2f7b411c60d6140,good,0,,0.0072,0.1481,600,,0.0,0.1745,0.3257,0.1888,0.011,0.0,0.1745,0.0665,0.0,0.133,0,0,0,0,0
325,75a64281109f0444a8f1f9f5933c8287,good,0,,0.1815,0.1481,600,误杀FP,0.0009,0.0478,0.1888,0.0477,0.018,0.0,0.0478,0.0912,0.0015,0.1824,0,0,0,0,0
326,266f7ea437b4aef39a2c98baba8941b0,good,0,,0.2356,0.1481,600,误杀FP,0.0041,0.0547,0.2037,0.0426,0.0759,0.0,0.0547,0.0338,0.0006,0.0675,0,0,0,0,0
327,415beadc43ae9c2597b6384ed21af457,good,0,,0.0484,0.1481,600,误杀FP,0.0001,0.1487,0.25,0.3312,0.0067,0.011,0.1487,0.1471,0.5,0.2942,0,0,0,0,0
328,db7aec61970fc88c15ff5bb7bf04a3ac,bad,1,物理规律,0.0154,0.1481,600,漏检FN,0.0293,0.0438,0.2964,0.0912,0.0601,0.0,0.0438,0.0301,0.0019,0.0601,0,0,0,1,0
329,2ea0942de4769187ccb7bdc68179b80b,good,0,,0.0211,0.1481,600,,0.0067,0.13,0.2346,0.1345,0.023,0.0,0.13,0.0339,0.0019,0.0675,0,0,0,0,0
330,4c77fc670f2bb4d2fa604741ff5c6d18,good,0,,0.0197,0.1481,600,,0.0025,0.0823,0.3529,0.1888,0.0759,0.0,0.0823,0.074,0.0002,0.148,0,0,0,0,0
331,b4d2faba43bb662d22b0e566bd8cbb04,good,0,,0.0212,0.1481,600,,0.0012,0.1472,0.4088,0.2037,0.018,0.0,0.1472,0.0823,0.0,0.1645,0,0,0,0,0
332,285a3f260c17add58873ee9c9ea09926,good,0,,0.0287,0.1481,600,,0.0002,0.0916,0.3775,0.25,0.0067,0.0,0.0916,0.1345,0.0001,0.2689,0,0,0,0,0
333,955ff5f8784cb972f46dd18812824378,good,0,,0.0444,0.1481,600,,0.0015,0.0538,0.3396,0.1009,0.023,0.0001,0.0538,0.0912,0.0003,0.1824,0,0,0,0,0
334,76948bbb6b3706279ce4223fd0625713,good,0,,0.0008,0.1481,600,,0.0,0.0477,0.3257,0.1009,0.0067,0.0,0.0477,0.0533,0.0,0.1067,0,0,0,0,0
335,873e8452d96d9a83d9fae3861f4538e4,good,0,,0.1204,0.1481,600,,0.0025,0.0741,0.2963,0.1889,0.018,0.0003,0.0741,0.0665,0.0003,0.133,0,0,0,0,0
336,b488afc753a9bf5c2c70040f83283c99,good,0,,0.0174,0.1481,600,,0.011,0.1352,0.3398,0.1226,0.023,0.0,0.1352,0.0302,0.0004,0.0601,0,0,0,0,0
337,15ff03f7ed8b2712d55cbdd71ef04c9d,good,0,,0.0563,0.1481,600,,0.0,0.0823,0.2963,0.2189,0.0032,0.0,0.0823,0.1009,0.0,0.2018,0,0,0,0,0
338,954415f767c8c00ef5f8507762c89a44,good,0,,0.0106,0.1481,600,,0.0067,0.0667,0.3257,0.1114,0.0141,0.0,0.0667,0.0426,0.0001,0.0851,0,0,0,0,0
339,ad9691e90101592c81db765756a2b8aa,good,0,,0.0752,0.1481,600,,0.0025,0.1645,0.2811,0.1744,0.0293,0.0001,0.1645,0.1009,0.0019,0.2018,0,0,0,0,0
340,568cdfbd2ebdeb0c6ca1e4db0a9c97a9,good,0,,0.0,0.1481,600,,0.0003,0.0428,0.2964,0.1471,0.0474,0.0001,0.0428,0.074,0.0,0.148,0,0,0,0,0
341,7dee48ce83fe8dd3443d27e618fbef8b,good,0,,0.0217,0.1481,600,,0.0474,0.2304,0.34,0.2555,0.148,0.011,0.2304,0.123,0.0086,0.2451,0,0,0,0,0
342,a5eaf4006cd5a80c3445a5bf83bf2d4c,good,0,,0.0,0.1481,600,,0.0474,0.189,0.3887,0.3402,0.3208,0.0012,0.189,0.1009,0.0003,0.2018,0,0,0,0,0
343,fb4915c1f76a6d5ac4746b0421f5165f,good,0,,0.0269,0.1481,600,,0.0004,0.0287,0.1345,0.0338,0.0067,0.0,0.0287,0.0237,0.0003,0.0474,0,0,0,0,0
344,c938ed8bf3fffa338c72747dd7d45af1,good,0,,0.0,0.1481,600,,0.0002,0.1114,0.2656,0.2038,0.0052,0.0003,0.1114,0.0426,0.0009,0.0851,0,0,0,0,0
345,550833116482137309b5a257b446156c,good,0,,0.036,0.1481,600,,0.0003,0.0596,0.2963,0.1743,0.018,0.0,0.0596,0.1009,0.0,0.2018,0,0,0,0,0
346,eff6861d0727c373e99bc2021547262d,good,0,,0.007,0.1481,600,,0.0006,0.1345,0.1743,0.1226,0.0009,0.0001,0.1345,0.0596,0.0004,0.1192,0,0,0,0,0
347,cd2d2a365d9e759cd5069c90f54e7da8,good,0,,0.0,0.1481,600,,0.0,0.0187,0.2811,0.1888,0.0015,0.0001,0.0187,0.0665,0.0001,0.133,0,0,0,0,0
348,b1e4de27affee2ee4e512cdcabe4d0c0,good,0,,0.0945,0.1481,600,误杀FP,0.0009,0.0535,0.2344,0.0823,0.0141,0.0,0.0535,0.074,0.0025,0.148,0,0,0,0,0
349,00f03abc8aba983c05024537ac23c04c,good,0,,0.0199,0.1481,600,,0.0003,0.0597,0.25,0.1345,0.023,0.0,0.0597,0.0477,0.0003,0.0953,0,0,0,0,0
350,4a9514578009d4c728673df7faa54a2e,good,0,,0.0,0.1481,600,,0.0,0.0823,0.1888,0.1604,0.0041,0.0,0.0823,0.0477,0.0,0.0953,0,0,0,0,0
351,1686c5412d1972fe05786dc41923ade2,good,0,,0.1086,0.1481,600,,0.0052,0.0383,0.1604,0.038,0.1824,0.0002,0.0383,0.0534,0.0004,0.1067,0,0,0,0,0
352,532d4457b49b6db5b32be84e0db6a78d,good,0,,0.0295,0.1481,600,,0.0,0.0477,0.3655,0.1345,0.018,0.0001,0.0477,0.0665,0.0001,0.133,0,0,0,0,0
353,3267c59dad1faf853c4e903fe43be3bd,good,0,,0.0305,0.1481,600,,0.0041,0.1905,0.2344,0.25,0.0293,0.0,0.1905,0.1009,0.0141,0.2018,0,0,0,0,0
354,be2b0ed27da5b596ed18169dfb93b726,good,0,,0.0223,0.1481,600,,0.0293,0.0381,0.2656,0.1226,0.0474,0.0002,0.0381,0.074,0.0032,0.148,0,0,0,0,0
355,466e44e445cd731c0856ce400581c225,good,0,,0.0622,0.1481,600,,0.0003,0.0277,0.2037,0.0741,0.0067,0.0001,0.0277,0.0267,0.0012,0.0534,0,0,0,0,0
356,2afd4b5a81b031ec8b8a37271db88d0d,good,0,,0.0123,0.1481,600,,0.0,0.0823,0.1888,0.1471,0.0004,0.0,0.0823,0.0338,0.0001,0.0675,0,0,0,0,0
357,09294fdf484abcd32368c0c788c634e4,good,0,,0.0247,0.1481,600,,0.0086,0.0616,0.2657,0.1612,0.0293,0.0015,0.0616,0.0824,0.0025,0.1645,0,0,0,0,0
358,32130d7852cc67d5490b876c75106528,good,0,,0.0033,0.1481,600,,0.0002,0.19,0.3396,0.2997,0.0025,0.0067,0.19,0.1604,0.0015,0.3208,0,0,0,0,0
359,b01693c23a85d17069228ab50f30f39a,good,0,,0.0626,0.1481,600,,0.0009,0.0598,0.2037,0.0823,0.0474,0.0001,0.0598,0.0426,0.0019,0.0851,0,0,0,0,0
360,f4eb9867ee02614b02136fa852731239,good,0,,0.0171,0.1481,600,,0.0015,0.1371,0.2344,0.2037,0.011,0.0001,0.1371,0.0426,0.0025,0.0851,0,0,0,0,0
361,d295f23f9050323e4b8d4066230cf011,good,0,,0.0147,0.1481,600,,0.0003,0.083,0.2656,0.219,0.0041,0.0002,0.083,0.0665,0.0019,0.133,0,0,0,0,0
362,7cbe2d57f6c682798c29e0e7578fd756,good,0,,0.0324,0.1481,600,,0.0,0.1888,0.3257,0.2189,0.0015,0.0,0.1888,0.1009,0.0001,0.2018,0,0,0,0,0
363,6f1864d359eac060faf20c5b4099000f,good,0,,0.0129,0.1481,600,,0.011,0.0337,0.1009,0.1472,0.0293,0.0001,0.0337,0.0379,0.0052,0.0759,0,0,0,0,0
364,e82228c6a13a849aea214e17fb1e68aa,good,0,,0.0,0.1481,600,,0.0086,0.0364,0.2811,0.0824,0.0373,0.0003,0.0364,0.0477,0.0293,0.0953,0,0,0,0,0
365,7e0dfa1d749c99373e82a96e1bde617c,good,0,,0.0106,0.1481,600,,0.0002,0.0426,0.2037,0.0596,0.0019,0.0001,0.0426,0.0237,0.0001,0.0474,0,0,0,0,0
366,2a8b57a1fb3de11b474c0bd8edb7cc84,bad,1,,0.1481,0.1481,600,,0.0,0.0596,0.2189,0.1114,0.0006,0.0,0.0596,0.0477,0.0003,0.0953,0,0,0,0,0
367,842a630a25a5ab5fe8dbdb2b75a002d4,good,0,,0.0,0.1481,600,,0.0001,0.074,0.2656,0.3402,0.0004,0.0012,0.074,0.0912,0.0001,0.1824,0,0,0,0,0
368,103a8376251582ee8ccce12b44b13632,good,0,,0.0,0.1481,600,,0.0004,0.0301,0.2189,0.0912,0.0052,0.0,0.0301,0.0211,0.0001,0.0421,0,0,0,0,0
369,8df93da701b8e1cbaca58003437b6065,good,0,,0.0699,0.1481,600,误杀FP,0.0015,0.0478,0.1888,0.0741,0.018,0.0001,0.0478,0.074,0.0001,0.148,0,0,0,0,0
370,91085ae65d7270c812a5e59660cacb0d,good,0,,0.002,0.1481,600,,0.0019,0.1226,0.2656,0.2414,0.011,0.0141,0.1226,0.1114,0.0015,0.2227,0,0,0,0,0
371,64a9eddff11af2b21a852e2d0836a97f,good,0,,0.002,0.1481,600,,0.0002,0.162,0.2344,0.25,0.0025,0.0001,0.162,0.0596,0.0007,0.1192,0,0,0,0,0
372,b599dba80e97eb50b61e95dcb6fe3d0d,good,0,,0.0624,0.1481,600,,0.018,0.1011,0.2344,0.251,0.0474,0.0019,0.1011,0.1604,0.0003,0.3208,0,0,0,0,0
373,791a0d70-d220-45a6-af70-dc20140cdd72,good,0,,0.0201,0.1481,600,,0.0002,0.0783,0.1743,0.2345,0.0019,0.0002,0.0783,0.0823,0.0015,0.1645,0,0,0,0,0
374,4462be5cb2b006955b05e1fddb98a9d0,good,0,,0.0335,0.1481,600,,0.0001,0.0912,0.0823,0.3258,0.0,0.0002,0.0912,0.1471,0.0086,0.2942,0,0,0,0,0
375,02c7cad1349657156d509ffb307f3a6a,good,0,,0.1488,0.1481,600,误杀FP,0.0003,0.0596,0.25,0.1009,0.0007,0.0,0.0596,0.074,0.0,0.148,0,0,0,0,0
376,b94f500e734cb021b6b3fc9e47aa43f8,good,0,,0.0,0.1481,600,,0.0032,0.038,0.3655,0.1888,0.0953,0.0,0.038,0.0823,0.0004,0.1645,0,0,0,0,0
377,7817711d141521f3ea0ce48be45a83ec,good,0,,0.0,0.1481,600,,0.0015,0.1227,0.3529,0.1345,0.0601,0.0,0.1227,0.0741,0.0,0.148,0,0,0,0,0
378,9164d78d0b5e5be8576ccb4ef1d3fb3c,good,0,,0.0504,0.1481,600,,0.0009,0.1228,0.3396,0.2502,0.0086,0.0003,0.1228,0.1114,0.0001,0.2227,0,0,0,0,0
379,764a4f8b64baf7f53fd380968eaba2cb,good,0,,0.038,0.1481,600,,0.0004,0.0824,0.3529,0.1471,0.0474,0.0,0.0824,0.0912,0.0,0.1824,0,0,0,0,0
380,1d2c882f9e3037babff931eaf07dc2e0,good,0,,0.0354,0.1481,600,,0.0003,0.0629,0.2189,0.0534,0.0067,0.0,0.0629,0.0477,0.0,0.0953,0,0,0,0,0
381,23910039fae19c3fb85b818abd8f1496,good,0,,0.0199,0.1481,600,,0.023,0.0279,0.1226,0.1227,0.1192,0.0003,0.0279,0.0597,0.0009,0.1192,0,0,0,0,0
382,ac7b7935878fc763902f212a3f3fdbd6,good,0,,0.0,0.1481,600,,0.0001,0.101,0.3887,0.2811,0.0032,0.0,0.101,0.0665,0.0,0.133,0,0,0,0,0
383,fba5af597f8fb85d9c18c9a2ae3df9dc,good,0,,0.0266,0.1481,600,,0.0293,0.0823,0.3112,0.2346,0.0373,0.0003,0.0823,0.0823,0.0003,0.1645,0,0,0,0,0
384,082f686060e105821e2ab43cfe3725cc,good,0,,0.0836,0.1481,600,,0.0004,0.0534,0.219,0.0741,0.011,0.0001,0.0534,0.0426,0.0015,0.0851,0,0,0,0,0
385,7901e9304e9bc4a24265f704b672e691,good,0,,0.0366,0.1481,600,,0.0019,0.1116,0.2963,0.1744,0.023,0.0002,0.1116,0.0665,0.0041,0.133,0,0,0,0,0
386,d7ec6a2cfd0eff742835cf69a17bff9e,good,0,,0.0176,0.1481,600,,0.0001,0.1471,0.2963,0.3048,0.0067,0.0474,0.1471,0.074,0.0001,0.148,0,0,0,0,0
387,55cb095ae5aa36b36e38aeecd633499f,good,0,,0.0047,0.1481,600,,0.0007,0.1027,0.2344,0.1888,0.0293,0.0,0.1027,0.0534,0.0009,0.1067,0,0,0,0,0
388,780d79656a55bdd38a13db9f87b4107d,good,0,,0.0,0.1481,600,,0.0001,0.1479,0.2189,0.1604,0.0015,0.0,0.1479,0.0533,0.0009,0.1067,0,0,0,0,0
389,d4197045a3ded3f8e719aa834b42f99f,good,0,,0.1446,0.1481,600,误杀FP,0.023,0.051,0.3113,0.1114,0.0086,0.0001,0.051,0.0534,0.018,0.1067,0,0,0,0,0
390,733f4a93041230063d03912e31ebe037,good,0,,0.0161,0.1481,600,,0.0009,0.1471,0.3112,0.1345,0.0086,0.0001,0.1471,0.0665,0.0001,0.133,0,0,0,0,0
391,c546c6fbd7e63c202034495912a4de62,good,0,,0.0,0.1481,600,,0.0002,0.1226,0.2963,0.1471,0.0052,0.0,0.1226,0.0426,0.0,0.0851,0,0,0,0,0
392,b35507ed7ea4d235047f15a50aef769b,good,0,,0.0,0.1481,600,,0.0,0.083,0.1604,0.1888,0.0041,0.0001,0.083,0.0379,0.0003,0.0759,0,0,0,0,0
393,decb0e66893487e23f6ad5cd979299e6,good,0,,0.0,0.1481,600,,0.0015,0.0668,0.2964,0.1114,0.0474,0.0001,0.0668,0.0211,0.0001,0.0421,0,0,0,0,0
394,03c2cf0db1a890cb9e1f56f11317afc1,good,0,,0.0044,0.1481,600,误杀FP,0.0002,0.0534,0.2189,0.8079,0.0041,0.9933,0.0534,0.1225,0.0012,0.2451,0,0,0,0,0
395,35397145414b39594d2c0915769e2bfe,good,0,,0.0,0.1481,600,,0.011,0.1744,0.3396,0.1888,0.0293,0.0,0.1744,0.074,0.0002,0.148,0,0,0,0,0
396,1fd8ebea777451d00074265c03205fa7,good,0,,0.0108,0.1481,600,,0.0006,0.1472,0.3529,0.1604,0.023,0.0,0.1472,0.0596,0.0003,0.1192,0,0,0,0,0
397,9c5d21d00e73960f4f105cd42d4cca21,good,0,,0.0994,0.1481,600,误杀FP,0.023,0.0824,0.2344,0.1978,0.1824,0.018,0.0824,0.1114,0.0067,0.2227,0,0,0,0,0
398,065776cae29d50be1218c806d580af5e,good,0,,0.0,0.1481,600,,0.0006,0.0913,0.2344,0.2037,0.0067,0.0,0.0913,0.0665,0.0009,0.133,0,0,0,0,0
399,1b9718d5336e8d1089852c3b1b2f02d3,bad,1,"不合理的物体, 帧跳变",0.0361,0.1481,600,漏检FN,0.0032,0.1745,0.3257,0.2387,0.1192,0.0086,0.1745,0.0426,0.0001,0.0851,1,0,1,0,0
400,08e4cff312e6d5b0b4c927b677fe347e,good,0,,0.311,0.1481,600,误杀FP,0.0141,0.0478,0.3112,0.1009,0.148,0.0,0.0478,0.0665,0.0002,0.133,0,0,0,0,0
401,04f572c7a7b1d44dd5f953eb230dde37,bad,1,物理规律,0.0207,0.1481,600,漏检FN,0.0001,0.1226,0.2963,0.1889,0.0009,0.0002,0.1226,0.1345,0.0001,0.2689,0,0,0,1,0
402,ce3918308e8051e85279fdcbce1b4a81,good,0,,0.2161,0.1481,600,误杀FP,0.0006,0.1888,0.2811,0.1225,0.0052,0.0,0.1888,0.074,0.0009,0.148,0,0,0,0,0
403,142bedff6ac8ee418e0b4a8642722cf5,good,0,,0.0307,0.1481,600,,0.0141,0.031,0.2811,0.0665,0.0953,0.0001,0.031,0.0477,0.0006,0.0953,0,0,0,0,0
404,8451e79c73544269a9d532bc83067156,good,0,,0.0036,0.1481,600,,0.0001,0.2345,0.3396,0.2656,0.0067,0.0,0.2345,0.0823,0.0,0.1645,0,0,0,0,0
405,64ee1e9a426d7d9a54ca560c608d0c6b,bad,1,还原度,0.0141,0.1481,600,漏检FN,0.0002,0.1744,0.2656,0.2501,0.0019,0.0001,0.1744,0.074,0.0002,0.148,0,0,0,0,1
406,f3f3f8784ad6793421523cbde362dd5d,good,0,,0.0098,0.1481,600,,0.0001,0.0536,0.2963,0.1345,0.0052,0.0001,0.0536,0.0426,0.0003,0.0851,0,0,0,0,0
407,bdf8213420402168930b34ff8c9bc31d,good,0,,0.0199,0.1481,600,,0.0052,0.0742,0.3113,0.1476,0.0601,0.0009,0.0742,0.0596,0.0001,0.1192,0,0,0,0,0
408,25d244733e79bc3e453cd56a51488bdc,good,0,,0.0,0.1481,600,,0.023,0.1674,0.2812,0.1471,0.018,0.0001,0.1674,0.0339,0.0019,0.0675,0,0,0,0,0
409,866fc5a176fc539a625570c5764a5378,good,0,,0.0033,0.1481,600,,0.0032,0.2346,0.3257,0.3529,0.018,0.0001,0.2346,0.1226,0.0001,0.2451,0,0,0,0,0
410,cfc06e5734fe32829eb7f07b3a8689c1,good,0,,0.0683,0.1481,600,,0.0,0.0601,0.1888,0.0823,0.0086,0.0,0.0601,0.0596,0.0001,0.1192,0,0,0,0,0
411,012a56dedbb43a0a128e4098b0cc4f4e,good,0,,0.0246,0.1481,600,,0.0001,0.0843,0.2811,0.1114,0.0025,0.0,0.0843,0.0477,0.0015,0.0953,0,0,0,0,0
412,215984483c50f5156e1adada0acf84ef,good,0,,0.0089,0.1481,600,,0.0012,0.038,0.2189,0.1114,0.0141,0.0001,0.038,0.0301,0.0001,0.0601,0,0,0,0,0
413,565b03772a6ba15fde9ca330d0433805,good,0,,0.0,0.1481,600,,0.0007,0.1352,0.1888,0.1471,0.0032,0.0,0.1352,0.1604,0.0002,0.3208,0,0,0,0,0
414,19188dabb6ea50978a885b42e3043d0c,good,0,,0.1842,0.1481,600,误杀FP,0.0025,0.0484,0.25,0.1228,0.0373,0.0004,0.0484,0.0912,0.0006,0.1824,0,0,0,0,0
415,89c7ce2d6fc83429e96f2baf3fd02621,good,0,,0.0344,0.1481,600,,0.0,0.0338,0.2656,0.1114,0.0025,0.0,0.0338,0.0426,0.0,0.0851,0,0,0,0,0
416,e3a76feb5f347c0f7c28f1be7ceba61f,good,0,,0.1418,0.1481,600,误杀FP,0.0067,0.0341,0.3257,0.1888,0.0601,0.0001,0.0341,0.1114,0.0003,0.2227,0,0,0,0,0
417,9bdbed9054560c5fb40a7659e2823994,good,0,,0.0531,0.1481,600,,0.0007,0.0913,0.2344,0.2811,0.0086,0.0001,0.0913,0.1226,0.0025,0.2451,0,0,0,0,0
418,bd81212d40cc5f1bc53e83cfa008a25a,good,0,,0.0027,0.1481,600,,0.0015,0.0597,0.2189,0.1345,0.0032,0.0001,0.0597,0.0665,0.0052,0.133,0,0,0,0,0
419,9c5122a687e8c7ffd7e38563d4185b8c,bad,1,,0.1387,0.1481,600,,0.0025,0.0823,0.2811,0.0741,0.011,0.0001,0.0823,0.0426,0.0001,0.0851,0,0,0,0,0
420,fd48953383862063f8240bf24991d871,good,0,,0.0088,0.1481,600,,0.0003,0.0345,0.1743,0.1345,0.0141,0.0,0.0345,0.0187,0.0003,0.0373,0,0,0,0,0
421,46a0583c1c56588bd5235d23d2433f67,good,0,,0.0094,0.1481,600,,0.0,0.0308,0.1743,0.1009,0.0006,0.0,0.0308,0.0379,0.0025,0.0759,0,0,0,0,0
422,6b613d1dc6d3b4c9a6f86ce1a489e721,good,0,,0.0,0.1481,600,,0.0003,0.038,0.2344,0.0913,0.0032,0.0001,0.038,0.0301,0.0052,0.0601,0,0,0,0,0
423,76464abd0a36a68b5cd6095d9b4caf5b,good,0,,0.0386,0.1481,600,,0.0015,0.1435,0.3112,0.2345,0.0052,0.0001,0.1435,0.0823,0.0012,0.1645,0,0,0,0,0
424,8e85cb380e7a6c3e0cea3b14c0154806,good,0,,0.0324,0.1481,600,,0.0052,0.0484,0.3257,0.0478,0.0141,0.0003,0.0484,0.0534,0.0032,0.1067,0,0,0,0,0
425,ecb4d3ee539e9b1a79614f180a156b46,good,0,,0.0321,0.1481,600,误杀FP,0.0009,0.0426,0.2811,0.6332,0.0953,0.9975,0.0426,0.074,0.0007,0.148,0,0,0,0,0
426,8dc4c961127969746118ee622fe3c8f9,good,0,,0.0759,0.1481,600,,0.0759,0.0384,0.3113,0.038,0.2227,0.0001,0.0384,0.0477,0.0003,0.0953,0,0,0,0,0
427,2f1db9714c02e083630af3862ba05c70,good,0,,0.0239,0.1481,600,,0.0474,0.0588,0.1888,0.1059,0.1824,0.0293,0.0588,0.0597,0.0067,0.1192,0,0,0,0,0
428,f0f85909cbb962f8eba315bd9423a72b,good,0,,0.0287,0.1481,600,,0.0601,0.101,0.3991,0.2037,0.148,0.0,0.101,0.1009,0.0001,0.2018,0,0,0,0,0
429,2bf2955a023640bbb776a134e6dfa250,good,0,,0.0234,0.1481,600,,0.0086,0.0392,0.1472,0.0267,0.0601,0.0,0.0392,0.0238,0.0001,0.0474,0,0,0,0,0
430,1242fa5a359f49da1350fb5ecde783df,good,0,,0.0008,0.1481,600,误杀FP,0.0004,0.1891,0.2344,0.9088,0.0025,1.0,0.1891,0.0665,0.0141,0.133,0,0,0,0,0
431,4c5f63f298c568a7e929f7e67845a883,bad,1,还原度,0.0226,0.1481,600,漏检FN,0.0003,0.0741,0.3112,0.0913,0.0032,0.0001,0.0741,0.0665,0.0001,0.133,0,0,0,0,1
432,15bff8c04e282e7677a958e672557c5b,bad,1,还原度,0.0,0.1481,600,漏检FN,0.0002,0.0665,0.3529,0.2345,0.023,0.0002,0.0665,0.0665,0.0015,0.133,0,0,0,0,1
433,965829baaee23eec66c8a73103c1f8a4,good,0,,0.0,0.1481,600,,0.0759,0.051,0.2038,0.0338,0.2689,0.0,0.051,0.0339,0.0007,0.0675,0,0,0,0,0
434,935357a1f87f2207ab2589863b63f2ca,good,0,,0.1478,0.1481,600,误杀FP,0.023,0.034,0.2963,0.1009,0.3775,0.0,0.034,0.0596,0.0002,0.1192,0,0,0,0,0
435,bc08e4143bcbc29b23e5e81b594492b2,good,0,,0.0,0.1481,600,,0.0086,0.0405,0.1114,0.0602,0.0032,0.0012,0.0405,0.0534,0.0067,0.1067,0,0,0,0,0
436,556cd14d37e38cfec7136f0e906fae3d,good,0,,0.0158,0.1481,600,,0.0003,0.0381,0.25,0.0596,0.0067,0.0,0.0381,0.074,0.0,0.148,0,0,0,0,0
437,cba01ca8b200cd4d625ff34ee9334d87,good,0,,0.0277,0.1481,600,,0.0003,0.1904,0.3655,0.25,0.0019,0.0,0.1904,0.1114,0.0015,0.2227,0,0,0,0,0
438,de52ae1b591ea2358c37648c14e45c86,good,0,,0.029,0.1481,600,,0.0002,0.0596,0.3655,0.2189,0.011,0.0,0.0596,0.1009,0.0,0.2018,0,0,0,0,0
439,d3cc88220e2a30efdfb2a3bed78f2f6a,good,0,,0.0204,0.1481,600,,0.011,0.1043,0.3112,0.1748,0.0759,0.0009,0.1043,0.0596,0.0001,0.1192,0,0,0,0,0
440,28efebd0aee841dbc4436c3755daa8a4,good,0,,0.0197,0.1481,600,,0.0015,0.1126,0.2189,0.0913,0.023,0.0001,0.1126,0.0665,0.0006,0.133,0,0,0,0,0
441,dc47ed3c150d570d3d7439deff20d161,good,0,,0.0706,0.1481,600,,0.0032,0.0341,0.219,0.0596,0.1192,0.0,0.0341,0.0267,0.0001,0.0534,0,0,0,0,0
442,6db6563294467ae3bfd5034c32966a24,good,0,,0.0018,0.1481,600,,0.018,0.0742,0.3113,0.0823,0.0373,0.0,0.0742,0.0478,0.0004,0.0953,0,0,0,0,0
443,bfbb03cea400d978fa4f0c7420e7ba38,good,0,,0.0108,0.1481,600,,0.0003,0.009,0.2811,0.0477,0.0009,0.0,0.009,0.0665,0.0,0.133,0,0,0,0,0
444,a09b51ad5e4b7788818d572cf87e3d41,good,0,,0.0066,0.1481,600,,0.0002,0.0665,0.2963,0.1009,0.0025,0.0,0.0665,0.03,0.0,0.0601,0,0,0,0,0
445,2d79c15c9e92243205581cdeb0230e20,good,0,,0.0,0.1481,600,,0.0,0.0534,0.2811,0.1888,0.0007,0.0,0.0534,0.0477,0.0,0.0953,0,0,0,0,0
446,a306781690c21a233857c557694fe302,good,0,,0.0,0.1481,600,,0.0,0.0426,0.25,0.1471,0.0019,0.0,0.0426,0.0338,0.0001,0.0675,0,0,0,0,0
447,d4f1a9e90555ad103207b6b31ddd1881,good,0,,0.0,0.1481,600,,0.0002,0.0385,0.1345,0.1009,0.0032,0.0,0.0385,0.0379,0.0025,0.0759,0,0,0,0,0
448,d623b83d-812f-4f2e-bae6-77fe3ff00df4,good,0,,0.1271,0.1481,600,误杀FP,0.0086,0.0342,0.3257,0.0598,0.1824,0.0003,0.0342,0.074,0.0001,0.148,0,0,0,0,0
449,de32eb117df014836c5e9bafb6b4c6b3,good,0,,0.0025,0.1481,600,,0.0,0.0666,0.2811,0.2189,0.0002,0.0,0.0666,0.0823,0.0007,0.1645,0,0,0,0,0
450,d7cd402244e72dc4fafc18ed3871e9a2,good,0,,0.0069,0.1481,600,,0.0001,0.1607,0.3655,0.25,0.0,0.0,0.1607,0.074,0.0001,0.148,0,0,0,0,0
451,c3023294b4f51df43e674c3c30755c91,good,0,,0.0154,0.1481,600,,0.011,0.2049,0.3396,0.2189,0.023,0.0,0.2049,0.074,0.0003,0.148,0,0,0,0,0
452,de64f16eb6809f60d5094e040b18a229,good,0,,0.0,0.1481,600,,0.0019,0.2039,0.3529,0.2037,0.0373,0.0,0.2039,0.0534,0.0001,0.1067,0,0,0,0,0
453,6f4cb2125196d403e51b3399bcd54ebf,good,0,,0.0137,0.1481,600,,0.0006,0.1348,0.2963,0.33,0.0052,0.0086,0.1348,0.1009,0.0004,0.2018,0,0,0,0,0
454,981c33b35b908705e91986f59f3f54a1,good,0,,0.0066,0.1481,600,,0.0,0.2037,0.3112,0.3264,0.0019,0.0015,0.2037,0.0912,0.0015,0.1824,0,0,0,0,0
455,da624326071b7dc8679379d0de501dc1,good,0,,0.0081,0.1481,600,,0.0141,0.0924,0.426,0.1743,0.018,0.0,0.0924,0.0596,0.0,0.1192,0,0,0,0,0
456,61ae8aa170d3101273c12949a6ac7740,good,0,,0.0,0.1481,600,,0.0003,0.1345,0.3529,0.1114,0.0086,0.0001,0.1345,0.074,0.0,0.148,0,0,0,0,0
457,9060568a3e160792db5e3195782c0117,good,0,,0.0,0.1481,600,,0.0,0.0477,0.1888,0.0912,0.0025,0.0001,0.0477,0.0338,0.0002,0.0675,0,0,0,0,0
458,7bd007557d373b0412307ea25986e4d4,good,0,,0.0122,0.1481,600,,0.0019,0.0358,0.25,0.0823,0.0373,0.0,0.0358,0.0338,0.0003,0.0675,0,0,0,0,0
459,a81a1586c2d5fe03337f6ccfb7f85f3c,good,0,,0.0974,0.1481,600,误杀FP,0.0,0.0596,0.426,0.1604,0.0953,0.0,0.0596,0.0596,0.0,0.1192,0,0,0,0,0
460,3f85a592ca66e51f076793cb77f16907,good,0,,0.007,0.1481,600,,0.0002,0.0741,0.1471,0.1114,0.0052,0.0,0.0741,0.0426,0.0006,0.0851,0,0,0,0,0
461,7a253b3224f6fb65618203d422d1c7f3,bad,1,物理规律,0.0102,0.1481,600,漏检FN,0.018,0.1238,0.3655,0.2814,0.0759,0.0006,0.1238,0.1345,0.0004,0.2689,0,0,0,1,0
462,504ed09c1e93603c0469d625f7a04d5d,good,0,,0.0,0.1481,600,,0.0004,0.235,0.2963,0.34,0.0025,0.0009,0.235,0.1009,0.0015,0.2018,0,0,0,0,0
463,f36a0176bc78fc7a261c6a81b6ce42b9,good,0,,0.0,0.1481,600,,0.0012,0.0535,0.25,0.0338,0.0067,0.0,0.0535,0.0211,0.0001,0.0421,0,0,0,0,0
464,60dfede9e30e10b23fb486093512dedf,good,0,,0.013,0.1481,600,,0.023,0.2201,0.3113,0.219,0.0601,0.0001,0.2201,0.0823,0.0086,0.1645,0,0,0,0,0
465,e3dadbde34ee54508ced5cdfaf96abf0,good,0,,0.0,0.1481,600,,0.0009,0.0826,0.2656,0.1889,0.0086,0.0002,0.0826,0.0665,0.0041,0.133,0,0,0,0,0
466,5c7a2edf3da3ff2f4ca65d006f88ce8e,good,0,,0.0024,0.1481,600,,0.0,0.0534,0.2037,0.0928,0.0007,0.0032,0.0534,0.0426,0.0003,0.0851,0,0,0,0,0
467,1bda0bb384d82fd2be8b82a205dce0fe,good,0,,0.015,0.1481,600,,0.0009,0.0742,0.1888,0.0913,0.0041,0.0002,0.0742,0.0912,0.0004,0.1824,0,0,0,0,0
468,abb0b2dd4e7c3b9b4bc4c43df0f5ac86,good,0,,0.0128,0.1481,600,,0.0,0.0477,0.2811,0.2259,0.0006,0.0141,0.0477,0.074,0.0067,0.148,0,0,0,0,0
469,b937e7274b155475e2fff135f62ceea6,good,0,,0.043,0.1481,600,,0.0141,0.0536,0.3112,0.1361,0.0293,0.0032,0.0536,0.074,0.0003,0.148,0,0,0,0,0
470,3691fc050138c2db6e0d467ba3a711a7,good,0,,0.0035,0.1481,600,,0.023,0.051,0.2656,0.1119,0.0373,0.0012,0.051,0.0301,0.0006,0.0601,0,0,0,0,0
471,c392d219f3f52de255532a12a30ba4b1,good,0,,0.0,0.1481,600,,0.011,0.1013,0.2812,0.204,0.0953,0.0007,0.1013,0.038,0.0007,0.0759,0,0,0,0,0
472,f4ec90b9b97d2cb83a2c0629c994da51,good,0,,0.0079,0.1481,600,,0.0002,0.0596,0.3112,0.0741,0.0006,0.0001,0.0596,0.013,0.0,0.026,0,0,0,0,0
473,20aed7bb2de3bc3285e795637020fe1d,good,0,,0.1522,0.1481,600,误杀FP,0.0003,0.074,0.3112,0.1743,0.0041,0.0,0.074,0.0912,0.0002,0.1824,0,0,0,0,0
474,75f96ad6-5e88-46c7-9775-13808dcf7a12,good,0,,0.0,0.1481,600,,0.0,0.2657,0.2811,0.3113,0.0001,0.0,0.2657,0.1009,0.148,0.2018,0,0,0,0,0
475,5921b034fa3bd10d9970dbe70c633fc6,good,0,,0.1345,0.1481,600,误杀FP,0.0141,0.075,0.2345,0.0823,0.1824,0.0001,0.075,0.0339,0.0019,0.0675,0,0,0,0,0
476,c0255574a7b1627349a81b6111cb45bc,good,0,,0.0,0.1481,600,,0.0141,0.0173,0.2963,0.0477,0.2227,0.0,0.0173,0.0477,0.0004,0.0953,0,0,0,0,0
477,8df137bf222c6e33a80e980025e0f4d5,good,0,,0.0,0.1481,600,,0.0086,0.0677,0.2964,0.2656,0.023,0.0001,0.0677,0.0666,0.0003,0.133,0,0,0,0,0
478,14502c2bb93667ee973bb1257cf07cd3,good,0,,0.1396,0.1481,600,误杀FP,0.0086,0.072,0.2811,0.1888,0.023,0.0,0.072,0.1009,0.0041,0.2018,0,0,0,0,0
479,2814d7590ca9390dc05ff5ee5f9ad8c1,good,0,,0.0031,0.1481,600,,0.0025,0.0541,0.1471,0.1184,0.018,0.0141,0.0541,0.0596,0.0025,0.1192,0,0,0,0,0
480,ceedef4e229590c3582d104e7675c02e,good,0,,0.0239,0.1481,600,,0.0067,0.0828,0.2964,0.2344,0.0067,0.0,0.0828,0.0741,0.0001,0.148,0,0,0,0,0
481,511453a117f717aceeba1367dea50ef5,good,0,,0.0324,0.1481,600,,0.0002,0.0823,0.3257,0.1473,0.0019,0.0003,0.0823,0.0665,0.0003,0.133,0,0,0,0,0
482,b7291aaceb442c570ad993aa3a31605f,bad,1,,0.0806,0.1481,600,,0.0001,0.0912,0.3656,0.2351,0.0007,0.0015,0.0912,0.074,0.0,0.148,0,0,0,0,0
483,12af93b0e34b9a132768e0327b2d572f,good,0,,0.0298,0.1481,600,,0.0001,0.1268,0.2656,0.2656,0.0141,0.0,0.1268,0.1114,0.0002,0.2227,0,0,0,0,0
484,6cb60c327f2da4fde77d9032237987eb,good,0,,0.0104,0.1481,600,,0.0,0.0166,0.3396,0.1345,0.0032,0.0,0.0166,0.074,0.0,0.148,0,0,0,0,0
485,e0c25f23d962fe23245a51cbc6c3df16,good,0,,0.0167,0.1481,600,,0.0019,0.056,0.2656,0.1345,0.0141,0.0,0.056,0.0596,0.0006,0.1192,0,0,0,0,0
486,f92923cde8640ca0c6739e20d60d8d3f,good,0,,0.0772,0.1481,600,,0.0086,0.0382,0.2189,0.0534,0.148,0.0001,0.0382,0.0379,0.0003,0.0759,0,0,0,0,0
487,ea41cf35015e93c19ede2378fddc00b7,good,0,,0.0001,0.1481,600,,0.0,0.1605,0.3529,0.1114,0.0009,0.0,0.1605,0.074,0.0,0.148,0,0,0,0,0
488,4ca609215081d5ffd97593d5d623b03f,good,0,,0.0209,0.1481,600,,0.0015,0.0742,0.2346,0.0826,0.0373,0.0007,0.0742,0.0381,0.0007,0.0759,0,0,0,0,0
489,57613b8d908c0437f3ff3351309e9cf4,bad,1,"还原度, 物理规律",0.0336,0.1481,600,漏检FN,0.0,0.1347,0.3112,0.3118,0.0006,0.0012,0.1347,0.1345,0.0067,0.2689,0,0,0,1,1
490,9ad45286793ed357e5a2549dbb5c74b1,good,0,,0.021,0.1481,600,,0.018,0.04,0.2189,0.1605,0.0601,0.0002,0.04,0.0665,0.0009,0.133,0,0,0,0,0
491,4e444e0fd6199b1a1f1fc4758592591b,good,0,,0.0297,0.1481,600,,0.0086,0.0835,0.2656,0.1009,0.0759,0.0001,0.0835,0.0596,0.0001,0.1192,0,0,0,0,0
492,735329a24e22d56b08693621f2816293,good,0,,0.0457,0.1481,600,,0.0032,0.0539,0.25,0.101,0.018,0.0001,0.0539,0.0534,0.0002,0.1067,0,0,0,0,0
493,bcfc9d605b59d82d73d43b2dbb5c3170,good,0,,0.0453,0.1481,600,,0.018,0.0674,0.3112,0.1009,0.1192,0.0,0.0674,0.0426,0.0006,0.0851,0,0,0,0,0
494,0e29a742f5ee25a4bf64f78020c9ceac,good,0,,0.0,0.1481,600,,0.0015,0.1345,0.3775,0.2191,0.0086,0.0004,0.1345,0.1009,0.0002,0.2018,0,0,0,0,0
495,6012ad9d9e4cca6af5e36c9bfef2f779,good,0,,0.0084,0.1481,600,,0.0003,0.0666,0.25,0.1345,0.011,0.0,0.0666,0.0596,0.0002,0.1192,0,0,0,0,0
496,ff57a2f4db92b437903ff13e1963ebe9,good,0,,0.0807,0.1481,600,误杀FP,0.0003,0.1116,0.1888,0.1471,0.0019,0.0,0.1116,0.0477,0.0006,0.0953,0,0,0,0,0
497,3b8181876df50fe06bdcb70dd6e411f9,good,0,,0.0769,0.1481,600,,0.0041,0.1608,0.3887,0.2215,0.0474,0.0052,0.1608,0.0912,0.0001,0.1824,0,0,0,0,0
498,89f9db09a0a9bb586e4bd77e60919286,good,0,,0.0,0.1481,600,,0.0052,0.1129,0.25,0.2344,0.011,0.0001,0.1129,0.0823,0.0052,0.1645,0,0,0,0,0
499,50c7626cb91d408e68b5537f936829f0,good,0,,0.0067,0.1481,600,,0.0041,0.0384,0.25,0.0301,0.0293,0.0,0.0384,0.0596,0.0001,0.1192,0,0,0,0,0
