rel,label,det_rate,cos_centroid
基础款/6516.mp4,bad_huanyuandu,1.0,0.174392968416214
基础款/6430.mp4,bad_huanyuandu,1.0,0.2703302502632141
星月款/7027.mp4,bad_huanyuandu,1.0,0.27984148263931274
基础款/6715.mp4,good,1.0,0.28778311610221863
基础款/7534.mp4,good,1.0,0.3070012331008911
冰晶款/6575.mp4,good,1.0,0.3125115931034088
基础款/5625.mp4,bad_huanyuandu,1.0,0.3138542175292969
花花款/6429.mp4,bad_huanyuandu,1.0,0.3385002911090851
基础款/6775.mp4,good,1.0,0.3474683463573456
基础款/6933.mp4,good,1.0,0.3502831757068634
基础款/7413.mp4,good,1.0,0.37194979190826416
基础款/6039.mp4,bad_huanyuandu,1.0,0.3780849277973175
基础款/6943.mp4,bad_huanyuandu,1.0,0.38331371545791626
基础款/6568.mp4,bad_huanyuandu,1.0,0.3924213647842407
潜水款/7398.mp4,good,1.0,0.4078827202320099
基础款/6758.mp4,bad_huanyuandu,1.0,0.42784273624420166
基础款/6227.mp4,bad_huanyuandu,1.0,0.43046626448631287
基础款/6222.mp4,bad_huanyuandu,1.0,0.4339993894100189
基础款/7223.mp4,good,1.0,0.43415385484695435
星月款/6271.mp4,good,1.0,0.43672600388526917
甜品款/6249.mp4,good,1.0,0.4467821419239044
基础款/6550.mp4,bad_huanyuandu,1.0,0.46007809042930603
基础款/7373.mp4,good,1.0,0.4628656506538391
基础款/6617.mp4,bad_huanyuandu,1.0,0.4635865092277527
冰晶款/6797.mp4,good,1.0,0.4692540168762207
潜水款/6730.mp4,bad_huanyuandu,1.0,0.474098801612854
基础款/7465.mp4,bad_huanyuandu,1.0,0.4887329936027527
基础款/5927.mp4,bad_huanyuandu,1.0,0.4962880313396454
基础款/6240.mp4,good,1.0,0.49653857946395874
潜水款/7183.mp4,bad_huanyuandu,1.0,0.4977509379386902
基础款/7099.mp4,bad_huanyuandu,1.0,0.49949249625205994
森林款/5610.mp4,bad_huanyuandu,1.0,0.49973511695861816
基础款/6285.mp4,bad_huanyuandu,1.0,0.5003222227096558
基础款/7042.mp4,bad_huanyuandu,1.0,0.5231117010116577
基础款/6322.mp4,bad_huanyuandu,1.0,0.5285223722457886
潜水款/6296.mp4,good,1.0,0.5387688875198364
花花款/6012.mp4,bad_huanyuandu,1.0,0.5466874837875366
基础款/7241.mp4,good,1.0,0.5471127033233643
基础款/6751.mp4,good,1.0,0.570763349533081
甜品款/6733.mp4,bad_huanyuandu,1.0,0.5832105875015259
基础款/6702.mp4,bad_huanyuandu,1.0,0.5899873375892639
基础款/6181.mp4,good,1.0,0.5923161506652832
基础款/7423.mp4,bad_huanyuandu,1.0,0.597196638584137
基础款/6072.mp4,bad_huanyuandu,1.0,0.599163293838501
基础款/7082.mp4,good,1.0,0.59958815574646
星月款/6711.mp4,bad_huanyuandu,1.0,0.6068088412284851
基础款/7182.mp4,good,1.0,0.6078309416770935
冰晶款/5762.mp4,bad_huanyuandu,1.0,0.612286388874054
花花款/6964.mp4,bad_huanyuandu,1.0,0.6163716316223145
基础款/6402.mp4,bad_huanyuandu,1.0,0.6164994239807129
冰晶款/6405.mp4,bad_huanyuandu,1.0,0.6271699666976929
森林款/7022.mp4,good,1.0,0.6307274103164673
基础款/6504.mp4,bad_huanyuandu,1.0,0.6314396858215332
基础款/6630.mp4,bad_huanyuandu,1.0,0.6318072080612183
基础款/6142.mp4,good,1.0,0.6361727118492126
基础款/7141.mp4,bad_huanyuandu,1.0,0.6431751251220703
基础款/6783.mp4,good,1.0,0.6482821106910706
基础款/6505.mp4,bad_huanyuandu,1.0,0.6495565176010132
基础款/6818.mp4,bad_huanyuandu,1.0,0.6580525636672974
基础款/6104.mp4,good,1.0,0.6583313345909119
潜水款/6337.mp4,good,1.0,0.6632381677627563
星月款/6437.mp4,bad_huanyuandu,1.0,0.6731164455413818
森林款/6037.mp4,good,1.0,0.6756613850593567
基础款/6172.mp4,bad_huanyuandu,1.0,0.6799079179763794
基础款/6998.mp4,bad_huanyuandu,1.0,0.6800090074539185
冰晶款/6994.mp4,good,1.0,0.6808388233184814
基础款/6847.mp4,bad_huanyuandu,1.0,0.6846122145652771
潜水款/7086.mp4,bad_huanyuandu,1.0,0.6917355060577393
甜品款/5966.mp4,bad_huanyuandu,1.0,0.6925957202911377
基础款/7152.mp4,good,1.0,0.6927814483642578
基础款/6194.mp4,bad_huanyuandu,1.0,0.6956530809402466
花花款/6423.mp4,good,1.0,0.7030016779899597
花花款/6188.mp4,bad_huanyuandu,1.0,0.7069169282913208
基础款/6035.mp4,good,1.0,0.7092185616493225
基础款/6196.mp4,bad_huanyuandu,1.0,0.7092410326004028
冰晶款/6330.mp4,bad_huanyuandu,1.0,0.7097352743148804
花花款/5975.mp4,good,1.0,0.710136890411377
基础款/6351.mp4,bad_huanyuandu,1.0,0.7141688466072083
基础款/7276.mp4,good,1.0,0.7145606875419617
基础款/7499.mp4,bad_huanyuandu,1.0,0.716099739074707
基础款/6939.mp4,bad_huanyuandu,1.0,0.7176668643951416
基础款/6765.mp4,bad_huanyuandu,1.0,0.7185629606246948
花花款/7019.mp4,bad_huanyuandu,1.0,0.7221595644950867
基础款/6565.mp4,bad_huanyuandu,1.0,0.7234793901443481
森林款/6152.mp4,good,1.0,0.726613461971283
基础款/6243.mp4,bad_huanyuandu,1.0,0.7279276847839355
基础款/5782.mp4,bad_huanyuandu,1.0,0.7290382385253906
基础款/7289.mp4,bad_huanyuandu,1.0,0.7303107976913452
星月款/6486.mp4,good,1.0,0.7318755388259888
基础款/6524.mp4,bad_huanyuandu,1.0,0.7350628972053528
基础款/5734.mp4,good,1.0,0.7355921268463135
甜品款/5883.mp4,bad_huanyuandu,1.0,0.7367472648620605
基础款/7237.mp4,good,1.0,0.7373459339141846
基础款/6421.mp4,good,1.0,0.7375713586807251
基础款/6798.mp4,good,1.0,0.7389850616455078
基础款/5685.mp4,good,1.0,0.7405046820640564
星月款/6732.mp4,good,1.0,0.7430990934371948
基础款/6256.mp4,bad_huanyuandu,1.0,0.7457471489906311
基础款/6944.mp4,good,1.0,0.7497555017471313
基础款/7341.mp4,good,1.0,0.7500944137573242
星月款/6416.mp4,good,1.0,0.7519614696502686
花花款/6011.mp4,bad_huanyuandu,1.0,0.7525591850280762
星月款/7050.mp4,good,1.0,0.7543402314186096
潜水款/6816.mp4,bad_huanyuandu,1.0,0.7544243335723877
基础款/7207.mp4,bad_huanyuandu,1.0,0.7550961375236511
基础款/6335.mp4,bad_huanyuandu,1.0,0.7559695243835449
甜品款/6005.mp4,good,1.0,0.756027102470398
基础款/6354.mp4,bad_huanyuandu,1.0,0.7568739652633667
森林款/7002.mp4,bad_huanyuandu,1.0,0.7598367929458618
基础款/6275.mp4,bad_huanyuandu,1.0,0.7598823308944702
星月款/6760.mp4,good,1.0,0.7611464262008667
基础款/7432.mp4,good,1.0,0.7619044780731201
冰晶款/6600.mp4,good,1.0,0.7629289627075195
基础款/6790.mp4,good,1.0,0.763810396194458
甜品款/6683.mp4,good,1.0,0.7672430276870728
潜水款/6523.mp4,bad_huanyuandu,1.0,0.7675454020500183
基础款/6545.mp4,bad_huanyuandu,1.0,0.767737865447998
基础款/6541.mp4,bad_huanyuandu,1.0,0.7707788944244385
花花款/6478.mp4,good,1.0,0.7716778516769409
基础款/6483.mp4,bad_huanyuandu,1.0,0.7724376916885376
冰晶款/6650.mp4,bad_huanyuandu,1.0,0.774092435836792
基础款/5698.mp4,bad_huanyuandu,1.0,0.7750736474990845
潜水款/6512.mp4,good,1.0,0.7754569053649902
冰晶款/6131.mp4,bad_huanyuandu,1.0,0.7758405208587646
基础款/6250.mp4,good,1.0,0.7774110436439514
基础款/6163.mp4,good,1.0,0.7782102227210999
潜水款/6609.mp4,bad_huanyuandu,1.0,0.7785589694976807
基础款/7079.mp4,good,1.0,0.7786276340484619
星月款/6149.mp4,good,1.0,0.7792026400566101
花花款/5603.mp4,good,1.0,0.7803840637207031
潜水款/7331.mp4,bad_huanyuandu,1.0,0.7807313799858093
甜品款/5856.mp4,bad_huanyuandu,1.0,0.7807632684707642
基础款/7294.mp4,bad_huanyuandu,1.0,0.7808049917221069
基础款/6382.mp4,bad_huanyuandu,1.0,0.781035304069519
基础款/6828.mp4,good,1.0,0.7815942764282227
基础款/5680.mp4,good,1.0,0.7828119397163391
基础款/6237.mp4,bad_huanyuandu,1.0,0.7853603363037109
基础款/6693.mp4,good,1.0,0.7859991192817688
基础款/7280.mp4,good,1.0,0.787333071231842
基础款/5675.mp4,bad_huanyuandu,1.0,0.7884912490844727
花花款/6325.mp4,bad_huanyuandu,1.0,0.7887195348739624
基础款/7537.mp4,good,1.0,0.7892121076583862
基础款/5887.mp4,bad_huanyuandu,1.0,0.7894324660301208
基础款/7016.mp4,bad_huanyuandu,1.0,0.789603590965271
基础款/7358.mp4,good,1.0,0.7899442315101624
基础款/7015.mp4,bad_huanyuandu,1.0,0.7903580665588379
潜水款/7335.mp4,bad_huanyuandu,1.0,0.7907886505126953
基础款/6839.mp4,good,1.0,0.7912728190422058
花花款/7113.mp4,bad_huanyuandu,1.0,0.7920594215393066
潜水款/6251.mp4,bad_huanyuandu,1.0,0.7929236888885498
基础款/6521.mp4,bad_huanyuandu,1.0,0.7929360866546631
甜品款/6395.mp4,good,1.0,0.7933130860328674
花花款/6767.mp4,good,1.0,0.7955238819122314
基础款/6023.mp4,good,1.0,0.7970629334449768
森林款/6924.mp4,bad_huanyuandu,1.0,0.7983039617538452
基础款/5629.mp4,bad_huanyuandu,1.0,0.7985329627990723
基础款/6811.mp4,bad_huanyuandu,1.0,0.7985712885856628
基础款/7415.mp4,bad_huanyuandu,1.0,0.7996113896369934
花花款/7430.mp4,bad_huanyuandu,1.0,0.7998590469360352
冰晶款/6772.mp4,bad_huanyuandu,1.0,0.8007746338844299
基础款/6971.mp4,good,1.0,0.8014191389083862
冰晶款/6556.mp4,bad_huanyuandu,1.0,0.8017147779464722
潜水款/7489.mp4,bad_huanyuandu,1.0,0.8024851083755493
基础款/7049.mp4,bad_huanyuandu,1.0,0.8034849166870117
星月款/6908.mp4,bad_huanyuandu,1.0,0.8037810325622559
基础款/6898.mp4,bad_huanyuandu,1.0,0.8041516542434692
基础款/7245.mp4,bad_huanyuandu,1.0,0.8049707412719727
基础款/6031.mp4,bad_huanyuandu,1.0,0.805263876914978
潜水款/6248.mp4,bad_huanyuandu,1.0,0.8057280778884888
森林款/6286.mp4,bad_huanyuandu,1.0,0.8059284687042236
潜水款/6316.mp4,bad_huanyuandu,1.0,0.8067904114723206
花花款/6915.mp4,bad_huanyuandu,1.0,0.8067955374717712
基础款/6480.mp4,bad_huanyuandu,1.0,0.8071063756942749
潜水款/6424.mp4,bad_huanyuandu,1.0,0.8087078332901001
基础款/6806.mp4,bad_huanyuandu,1.0,0.8087366819381714
森林款/6727.mp4,bad_huanyuandu,1.0,0.8093056678771973
基础款/7091.mp4,good,1.0,0.8103561997413635
基础款/7104.mp4,bad_huanyuandu,1.0,0.81072598695755
基础款/6981.mp4,good,1.0,0.8108761310577393
潜水款/6108.mp4,bad_huanyuandu,1.0,0.8109990358352661
基础款/6906.mp4,bad_huanyuandu,1.0,0.8112282752990723
基础款/7246.mp4,good,1.0,0.8113996982574463
花花款/7163.mp4,bad_huanyuandu,1.0,0.8123303651809692
基础款/6813.mp4,good,1.0,0.8126019835472107
基础款/5789.mp4,bad_huanyuandu,1.0,0.81279456615448
甜品款/6487.mp4,bad_huanyuandu,1.0,0.8128949403762817
星月款/7106.mp4,bad_huanyuandu,1.0,0.8134201765060425
基础款/7047.mp4,bad_huanyuandu,1.0,0.8135089874267578
基础款/6087.mp4,good,1.0,0.8138148188591003
基础款/6140.mp4,good,1.0,0.8140791058540344
基础款/6794.mp4,good,1.0,0.8149614334106445
基础款/6910.mp4,good,1.0,0.8158432245254517
森林款/6217.mp4,good,1.0,0.8164873123168945
基础款/6228.mp4,bad_huanyuandu,1.0,0.8166102170944214
基础款/5867.mp4,bad_huanyuandu,1.0,0.8167544007301331
基础款/6022.mp4,bad_huanyuandu,1.0,0.8173158168792725
基础款/6301.mp4,bad_huanyuandu,1.0,0.8176957368850708
基础款/6415.mp4,good,1.0,0.8178802728652954
基础款/6653.mp4,good,1.0,0.8179599046707153
基础款/6529.mp4,bad_huanyuandu,1.0,0.8188113570213318
基础款/5972.mp4,bad_huanyuandu,1.0,0.8190662860870361
基础款/6422.mp4,bad_huanyuandu,1.0,0.8196573257446289
基础款/6328.mp4,good,1.0,0.8207671642303467
潜水款/7083.mp4,good,1.0,0.8223118782043457
潜水款/6877.mp4,good,1.0,0.8230267763137817
潜水款/6738.mp4,bad_huanyuandu,1.0,0.8243469595909119
冰晶款/6900.mp4,good,1.0,0.825527012348175
基础款/6792.mp4,good,1.0,0.8264350891113281
甜品款/7234.mp4,good,1.0,0.8271850347518921
冰晶款/6820.mp4,bad_huanyuandu,1.0,0.8273681402206421
花花款/5949.mp4,good,1.0,0.8274513483047485
星月款/6612.mp4,bad_huanyuandu,1.0,0.8278849124908447
基础款/5612.mp4,bad_huanyuandu,1.0,0.8279708027839661
冰晶款/7098.mp4,good,1.0,0.8281663060188293
甜品款/7606.mp4,good,1.0,0.8282128572463989
基础款/6641.mp4,bad_huanyuandu,1.0,0.8283878564834595
基础款/6655.mp4,bad_huanyuandu,1.0,0.8287115693092346
森林款/7300.mp4,bad_huanyuandu,1.0,0.8289303779602051
基础款/6873.mp4,good,1.0,0.8290979862213135
基础款/6974.mp4,bad_huanyuandu,1.0,0.8291612863540649
基础款/6743.mp4,good,1.0,0.8294641375541687
基础款/5714.mp4,good,1.0,0.8294647932052612
基础款/6897.mp4,good,1.0,0.8297328948974609
星月款/7588.mp4,bad_huanyuandu,1.0,0.8304176926612854
潜水款/6066.mp4,bad_huanyuandu,1.0,0.8305600881576538
星月款/6857.mp4,good,1.0,0.8309127688407898
基础款/7449.mp4,good,1.0,0.8312721252441406
潜水款/5960.mp4,bad_huanyuandu,1.0,0.8313473463058472
星月款/7502.mp4,bad_huanyuandu,1.0,0.8319605588912964
基础款/6106.mp4,bad_huanyuandu,1.0,0.8319799900054932
星月款/7105.mp4,good,1.0,0.8322415351867676
基础款/6872.mp4,bad_huanyuandu,1.0,0.8323042392730713
基础款/6763.mp4,bad_huanyuandu,1.0,0.8324638605117798
甜品款/7178.mp4,good,1.0,0.8325135111808777
冰晶款/6999.mp4,bad_huanyuandu,1.0,0.8326895833015442
潜水款/6955.mp4,good,1.0,0.8327988386154175
基础款/7088.mp4,good,1.0,0.8328429460525513
花花款/6043.mp4,bad_huanyuandu,1.0,0.8330022096633911
基础款/5977.mp4,bad_huanyuandu,1.0,0.8331299424171448
基础款/7580.mp4,bad_huanyuandu,1.0,0.8341251611709595
甜品款/6985.mp4,good,1.0,0.8346298933029175
基础款/6141.mp4,good,1.0,0.8346799612045288
花花款/7090.mp4,good,1.0,0.8347818851470947
花花款/7269.mp4,good,1.0,0.834786593914032
甜品款/5913.mp4,bad_huanyuandu,1.0,0.8348381519317627
基础款/7033.mp4,good,1.0,0.8354855179786682
基础款/7202.mp4,good,1.0,0.835627555847168
潜水款/7460.mp4,bad_huanyuandu,1.0,0.8357003927230835
花花款/7219.mp4,good,1.0,0.8358962535858154
基础款/6482.mp4,good,1.0,0.8359826803207397
花花款/6668.mp4,good,1.0,0.8366173505783081
基础款/7011.mp4,bad_huanyuandu,1.0,0.8366396427154541
星月款/7256.mp4,good,1.0,0.8367505669593811
基础款/7089.mp4,good,1.0,0.8379364013671875
基础款/6349.mp4,bad_huanyuandu,1.0,0.8379673957824707
基础款/6114.mp4,bad_huanyuandu,1.0,0.8384521007537842
基础款/6288.mp4,bad_huanyuandu,1.0,0.8389776945114136
冰晶款/7317.mp4,bad_huanyuandu,1.0,0.8393945693969727
基础款/6810.mp4,bad_huanyuandu,1.0,0.8395199775695801
基础款/6553.mp4,bad_huanyuandu,1.0,0.8397449254989624
甜品款/6739.mp4,good,1.0,0.8397772312164307
基础款/6831.mp4,bad_huanyuandu,1.0,0.8398412466049194
基础款/6451.mp4,good,1.0,0.8404088020324707
森林款/6657.mp4,good,1.0,0.8408860564231873
冰晶款/6801.mp4,good,1.0,0.8413458466529846
基础款/6678.mp4,bad_huanyuandu,1.0,0.8418413996696472
潜水款/6326.mp4,good,1.0,0.8418546915054321
花花款/6548.mp4,good,1.0,0.8435823917388916
潜水款/7483.mp4,good,1.0,0.843713641166687
基础款/6802.mp4,bad_huanyuandu,1.0,0.8438453674316406
基础款/5759.mp4,bad_huanyuandu,1.0,0.843867301940918
基础款/7381.mp4,bad_huanyuandu,1.0,0.8438929915428162
基础款/6949.mp4,bad_huanyuandu,1.0,0.8441402912139893
冰晶款/5924.mp4,bad_huanyuandu,1.0,0.844367265701294
基础款/7301.mp4,good,1.0,0.8445289134979248
基础款/6332.mp4,bad_huanyuandu,1.0,0.8449139595031738
星月款/5645.mp4,bad_huanyuandu,1.0,0.8449992537498474
甜品款/6592.mp4,good,1.0,0.8454437255859375
冰晶款/7044.mp4,good,1.0,0.8458972573280334
基础款/6925.mp4,bad_huanyuandu,1.0,0.8460259437561035
星月款/6164.mp4,bad_huanyuandu,1.0,0.8460314869880676
基础款/7224.mp4,good,1.0,0.8460983037948608
森林款/6383.mp4,bad_huanyuandu,1.0,0.8461111783981323
星月款/7007.mp4,good,1.0,0.8462298512458801
潜水款/7004.mp4,bad_huanyuandu,1.0,0.8464831113815308
甜品款/7418.mp4,good,1.0,0.8469017744064331
潜水款/7605.mp4,bad_huanyuandu,1.0,0.8469537496566772
潜水款/6620.mp4,bad_huanyuandu,1.0,0.8469704985618591
冰晶款/6896.mp4,good,1.0,0.8471224308013916
基础款/6851.mp4,bad_huanyuandu,1.0,0.8473511934280396
星月款/6558.mp4,good,1.0,0.8474555015563965
基础款/5726.mp4,bad_huanyuandu,1.0,0.8475918173789978
基础款/6211.mp4,bad_huanyuandu,1.0,0.847606897354126
花花款/6121.mp4,good,1.0,0.8478200435638428
冰晶款/6850.mp4,good,1.0,0.8480771780014038
基础款/7385.mp4,good,1.0,0.8481824994087219
星月款/6313.mp4,bad_huanyuandu,1.0,0.8486221432685852
基础款/6470.mp4,bad_huanyuandu,1.0,0.848631739616394
基础款/7149.mp4,good,1.0,0.8486951589584351
甜品款/6689.mp4,bad_huanyuandu,1.0,0.8493176698684692
星月款/7508.mp4,good,1.0,0.8498691320419312
甜品款/7084.mp4,good,1.0,0.8501487970352173
基础款/7085.mp4,good,1.0,0.8503456115722656
甜品款/5631.mp4,good,1.0,0.8507466316223145
基础款/6156.mp4,bad_huanyuandu,1.0,0.8507896661758423
基础款/6726.mp4,bad_huanyuandu,1.0,0.8508639931678772
基础款/7080.mp4,bad_huanyuandu,1.0,0.850928008556366
基础款/6496.mp4,bad_huanyuandu,1.0,0.8510689735412598
基础款/6622.mp4,bad_huanyuandu,1.0,0.8511596918106079
潜水款/6300.mp4,bad_huanyuandu,1.0,0.8511828780174255
基础款/7062.mp4,bad_huanyuandu,1.0,0.851457417011261
潜水款/7075.mp4,good,1.0,0.8515716791152954
花花款/5912.mp4,bad_huanyuandu,1.0,0.8516699075698853
潜水款/6098.mp4,bad_huanyuandu,1.0,0.8517440557479858
基础款/5930.mp4,bad_huanyuandu,1.0,0.8518782258033752
基础款/6390.mp4,bad_huanyuandu,1.0,0.852853536605835
基础款/6770.mp4,bad_huanyuandu,1.0,0.8528570532798767
冰晶款/6752.mp4,bad_huanyuandu,1.0,0.8529670238494873
森林款/5699.mp4,bad_huanyuandu,1.0,0.8530148267745972
森林款/5989.mp4,bad_huanyuandu,1.0,0.8530155420303345
基础款/6809.mp4,bad_huanyuandu,1.0,0.8530409336090088
基础款/5934.mp4,good,1.0,0.8534793853759766
花花款/7569.mp4,bad_huanyuandu,1.0,0.8534842133522034
花花款/6598.mp4,bad_huanyuandu,1.0,0.8535862565040588
基础款/6546.mp4,bad_huanyuandu,1.0,0.8536888360977173
潜水款/6462.mp4,bad_huanyuandu,1.0,0.8537437319755554
星月款/7305.mp4,good,1.0,0.8540263175964355
基础款/5739.mp4,bad_huanyuandu,1.0,0.8540714979171753
星月款/7250.mp4,good,1.0,0.854151725769043
基础款/6899.mp4,bad_huanyuandu,1.0,0.8543384075164795
基础款/7402.mp4,good,1.0,0.8554655313491821
基础款/7097.mp4,bad_huanyuandu,1.0,0.8555508255958557
冰晶款/6503.mp4,good,1.0,0.8556029796600342
潜水款/7352.mp4,bad_huanyuandu,1.0,0.8557583689689636
潜水款/7136.mp4,good,1.0,0.8559907674789429
星月款/6563.mp4,bad_huanyuandu,1.0,0.8561323285102844
基础款/6051.mp4,bad_huanyuandu,1.0,0.8563517928123474
森林款/6755.mp4,good,1.0,0.8572096824645996
星月款/6957.mp4,good,1.0,0.8573119640350342
基础款/7337.mp4,good,1.0,0.8573907613754272
森林款/5954.mp4,bad_huanyuandu,1.0,0.8575457334518433
基础款/5670.mp4,bad_huanyuandu,1.0,0.8575872182846069
基础款/6762.mp4,bad_huanyuandu,1.0,0.8577975034713745
基础款/6562.mp4,good,1.0,0.8578109741210938
基础款/7360.mp4,good,1.0,0.8578246831893921
基础款/7282.mp4,bad_huanyuandu,1.0,0.8581157326698303
基础款/6804.mp4,bad_huanyuandu,1.0,0.8581498861312866
潜水款/6905.mp4,good,1.0,0.8586968183517456
基础款/6992.mp4,good,1.0,0.8587220907211304
潜水款/7414.mp4,bad_huanyuandu,1.0,0.8590808510780334
潜水款/7032.mp4,good,1.0,0.859286367893219
基础款/7037.mp4,bad_huanyuandu,1.0,0.8593013286590576
基础款/5837.mp4,good,1.0,0.8593654632568359
基础款/6854.mp4,good,1.0,0.859485387802124
花花款/6255.mp4,bad_huanyuandu,1.0,0.8594903945922852
基础款/6909.mp4,good,1.0,0.8597174882888794
潜水款/7153.mp4,bad_huanyuandu,1.0,0.8600037097930908
基础款/6977.mp4,good,1.0,0.8600132465362549
星月款/7077.mp4,bad_huanyuandu,1.0,0.8601176738739014
冰晶款/6703.mp4,bad_huanyuandu,1.0,0.8604307174682617
基础款/7108.mp4,good,1.0,0.8605950474739075
基础款/6736.mp4,bad_huanyuandu,1.0,0.8606471419334412
基础款/5636.mp4,bad_huanyuandu,1.0,0.8606539964675903
星月款/6879.mp4,bad_huanyuandu,1.0,0.8606762886047363
甜品款/5605.mp4,bad_huanyuandu,1.0,0.8608881235122681
花花款/7013.mp4,good,1.0,0.8609108328819275
基础款/6922.mp4,good,1.0,0.8611088991165161
甜品款/6786.mp4,good,1.0,0.8613685965538025
冰晶款/5865.mp4,good,1.0,0.8614462614059448
基础款/6901.mp4,bad_huanyuandu,1.0,0.8615789413452148
基础款/7003.mp4,bad_huanyuandu,1.0,0.8617847561836243
基础款/6670.mp4,bad_huanyuandu,1.0,0.8618325591087341
花花款/6921.mp4,good,1.0,0.8619154691696167
基础款/6182.mp4,good,1.0,0.8620866537094116
基础款/7586.mp4,bad_huanyuandu,1.0,0.8622848987579346
冰晶款/6699.mp4,bad_huanyuandu,1.0,0.8627774715423584
基础款/7041.mp4,good,1.0,0.8628544211387634
基础款/6753.mp4,good,1.0,0.8629390001296997
花花款/6865.mp4,good,1.0,0.863031268119812
基础款/7112.mp4,bad_huanyuandu,1.0,0.8630647659301758
基础款/6528.mp4,bad_huanyuandu,1.0,0.8630713224411011
潜水款/6226.mp4,good,1.0,0.8631117939949036
星月款/7177.mp4,bad_huanyuandu,1.0,0.863134503364563
冰晶款/7217.mp4,good,1.0,0.8632425665855408
基础款/7258.mp4,bad_huanyuandu,1.0,0.8635726571083069
基础款/6686.mp4,bad_huanyuandu,1.0,0.8636143207550049
基础款/7457.mp4,good,1.0,0.8638326525688171
甜品款/6936.mp4,good,1.0,0.8638845682144165
花花款/7468.mp4,bad_huanyuandu,1.0,0.8639906644821167
基础款/6247.mp4,good,1.0,0.8639931678771973
基础款/7458.mp4,bad_huanyuandu,1.0,0.864081084728241
基础款/6578.mp4,bad_huanyuandu,1.0,0.8643060922622681
冰晶款/6502.mp4,good,1.0,0.8643742799758911
花花款/7405.mp4,bad_huanyuandu,1.0,0.8646906614303589
甜品款/6886.mp4,bad_huanyuandu,1.0,0.8648701906204224
甜品款/6345.mp4,good,1.0,0.8651290535926819
花花款/6842.mp4,good,1.0,0.865331768989563
基础款/6413.mp4,good,1.0,0.8653628826141357
基础款/6721.mp4,bad_huanyuandu,1.0,0.8654974699020386
冰晶款/6819.mp4,bad_huanyuandu,1.0,0.8660202622413635
潜水款/6976.mp4,good,1.0,0.8663444519042969
甜品款/7034.mp4,good,1.0,0.866351842880249
冰晶款/6507.mp4,bad_huanyuandu,1.0,0.8663918375968933
甜品款/7134.mp4,bad_huanyuandu,1.0,0.866552472114563
星月款/6902.mp4,good,1.0,0.866595447063446
星月款/6958.mp4,good,1.0,0.8666982650756836
基础款/7189.mp4,bad_huanyuandu,1.0,0.866826057434082
潜水款/7114.mp4,good,1.0,0.8670003414154053
基础款/6602.mp4,bad_huanyuandu,1.0,0.8670545816421509
星月款/7355.mp4,bad_huanyuandu,1.0,0.8672740459442139
冰晶款/6968.mp4,good,1.0,0.8672903776168823
基础款/7029.mp4,bad_huanyuandu,1.0,0.8672991991043091
星月款/6388.mp4,good,1.0,0.8673542737960815
基础款/5766.mp4,good,1.0,0.8674506545066833
冰晶款/7244.mp4,good,1.0,0.8675029277801514
潜水款/6779.mp4,good,1.0,0.8676419258117676
基础款/6986.mp4,good,1.0,0.8677991628646851
潜水款/7233.mp4,bad_huanyuandu,1.0,0.8681038022041321
花花款/6083.mp4,good,1.0,0.8681108355522156
基础款/5641.mp4,bad_huanyuandu,1.0,0.868138313293457
潜水款/6741.mp4,good,1.0,0.8682584762573242
甜品款/6542.mp4,bad_huanyuandu,1.0,0.8682589530944824
星月款/6230.mp4,bad_huanyuandu,1.0,0.868336021900177
冰晶款/6143.mp4,good,1.0,0.868459939956665
星月款/7416.mp4,bad_huanyuandu,1.0,0.8684675693511963
基础款/6788.mp4,good,1.0,0.8686456084251404
星月款/6167.mp4,bad_huanyuandu,1.0,0.8686636686325073
星月款/7462.mp4,bad_huanyuandu,1.0,0.8688420057296753
潜水款/6916.mp4,good,1.0,0.8689998388290405
基础款/7009.mp4,bad_huanyuandu,1.0,0.8694790601730347
冰晶款/6946.mp4,bad_huanyuandu,1.0,0.8695225119590759
潜水款/7175.mp4,good,1.0,0.8696446418762207
基础款/7212.mp4,good,1.0,0.8699449300765991
基础款/7081.mp4,bad_huanyuandu,1.0,0.8700467348098755
基础款/5964.mp4,bad_huanyuandu,1.0,0.8703001737594604
花花款/7213.mp4,bad_huanyuandu,1.0,0.8703972101211548
花花款/6059.mp4,good,1.0,0.8705632090568542
星月款/6829.mp4,bad_huanyuandu,1.0,0.8708618879318237
基础款/7171.mp4,good,1.0,0.871212363243103
潜水款/6757.mp4,good,1.0,0.8713036179542542
森林款/6853.mp4,bad_huanyuandu,1.0,0.8713245987892151
花花款/7290.mp4,bad_huanyuandu,1.0,0.8717062473297119
基础款/6434.mp4,bad_huanyuandu,1.0,0.8717129230499268
潜水款/6225.mp4,good,1.0,0.8718165159225464
基础款/7365.mp4,bad_huanyuandu,1.0,0.8720415830612183
基础款/6931.mp4,good,1.0,0.8727940320968628
基础款/7434.mp4,good,1.0,0.8728238940238953
花花款/6942.mp4,good,1.0,0.8729743957519531
基础款/5642.mp4,good,1.0,0.8729792833328247
基础款/6883.mp4,bad_huanyuandu,1.0,0.8730781674385071
基础款/6679.mp4,good,1.0,0.8732433319091797
基础款/6704.mp4,good,1.0,0.8734028339385986
基础款/6013.mp4,good,1.0,0.8735244274139404
潜水款/6109.mp4,good,1.0,0.8736571073532104
基础款/7287.mp4,good,1.0,0.8736644983291626
潜水款/6708.mp4,bad_huanyuandu,1.0,0.8737576603889465
花花款/5857.mp4,bad_huanyuandu,1.0,0.8738994598388672
基础款/6608.mp4,bad_huanyuandu,1.0,0.8739007711410522
基础款/7230.mp4,good,1.0,0.8741350173950195
冰晶款/5692.mp4,bad_huanyuandu,1.0,0.8743860125541687
甜品款/5761.mp4,good,1.0,0.8744683265686035
星月款/6515.mp4,bad_huanyuandu,1.0,0.8745076656341553
花花款/6277.mp4,bad_huanyuandu,1.0,0.87464839220047
潜水款/6789.mp4,good,1.0,0.8746567368507385
基础款/7592.mp4,bad_huanyuandu,1.0,0.8747349977493286
潜水款/6784.mp4,good,1.0,0.8749387264251709
基础款/7061.mp4,good,1.0,0.874972939491272
基础款/6252.mp4,bad_huanyuandu,1.0,0.8752788305282593
森林款/6903.mp4,bad_huanyuandu,1.0,0.8752828240394592
基础款/6009.mp4,bad_huanyuandu,1.0,0.8753165602684021
花花款/5824.mp4,good,1.0,0.875318169593811
潜水款/6193.mp4,good,1.0,0.8753783702850342
基础款/6664.mp4,bad_huanyuandu,1.0,0.8753873705863953
甜品款/5741.mp4,bad_huanyuandu,1.0,0.8755974769592285
基础款/6218.mp4,good,1.0,0.8756793737411499
基础款/5822.mp4,bad_huanyuandu,1.0,0.8756919503211975
潜水款/7253.mp4,good,1.0,0.8761352300643921
潜水款/7324.mp4,bad_huanyuandu,1.0,0.8762731552124023
甜品款/6830.mp4,good,1.0,0.8764078617095947
冰晶款/6920.mp4,good,1.0,0.8764165639877319
基础款/6002.mp4,good,1.0,0.876431405544281
基础款/6860.mp4,bad_huanyuandu,1.0,0.8765872716903687
星月款/6682.mp4,good,1.0,0.876677393913269
基础款/7074.mp4,bad_huanyuandu,1.0,0.8769969940185547
潜水款/6866.mp4,good,1.0,0.8770523071289062
花花款/6646.mp4,good,1.0,0.877416729927063
基础款/6279.mp4,good,1.0,0.8776063919067383
基础款/5764.mp4,bad_huanyuandu,1.0,0.877752423286438
星月款/7529.mp4,good,1.0,0.8777660131454468
潜水款/7427.mp4,good,1.0,0.8777772188186646
基础款/6962.mp4,good,1.0,0.8777919411659241
星月款/6166.mp4,good,1.0,0.8779064416885376
冰晶款/7068.mp4,bad_huanyuandu,1.0,0.8780229687690735
潜水款/7064.mp4,bad_huanyuandu,1.0,0.8780709505081177
基础款/6440.mp4,bad_huanyuandu,1.0,0.8782252073287964
基础款/6989.mp4,good,1.0,0.8784467577934265
甜品款/6836.mp4,good,1.0,0.8784770965576172
基础款/6862.mp4,bad_huanyuandu,1.0,0.8785529136657715
基础款/7384.mp4,good,1.0,0.8787489533424377
基础款/7356.mp4,good,1.0,0.8787567615509033
星月款/6754.mp4,bad_huanyuandu,1.0,0.8787927627563477
星月款/6509.mp4,bad_huanyuandu,1.0,0.8789806365966797
冰晶款/6457.mp4,good,1.0,0.8790805339813232
基础款/6636.mp4,bad_huanyuandu,1.0,0.8792906999588013
冰晶款/6895.mp4,good,1.0,0.879347562789917
潜水款/6927.mp4,bad_huanyuandu,1.0,0.8794714212417603
潜水款/6719.mp4,good,1.0,0.8797575831413269
基础款/6975.mp4,bad_huanyuandu,1.0,0.8798595666885376
基础款/6912.mp4,bad_huanyuandu,1.0,0.8798835873603821
星月款/6366.mp4,good,1.0,0.8799762725830078
基础款/6176.mp4,bad_huanyuandu,1.0,0.8803167939186096
基础款/5988.mp4,good,1.0,0.8804247975349426
基础款/6812.mp4,good,1.0,0.880456268787384
基础款/5843.mp4,bad_huanyuandu,1.0,0.8807702660560608
基础款/6638.mp4,bad_huanyuandu,1.0,0.880828857421875
基础款/6244.mp4,bad_huanyuandu,1.0,0.880906343460083
森林款/7101.mp4,good,1.0,0.881247878074646
基础款/5800.mp4,good,1.0,0.8813354969024658
森林款/6530.mp4,good,1.0,0.8814421892166138
冰晶款/6950.mp4,bad_huanyuandu,1.0,0.8815879225730896
冰晶款/7471.mp4,bad_huanyuandu,1.0,0.881603479385376
花花款/6970.mp4,good,1.0,0.8818244934082031
基础款/6272.mp4,bad_huanyuandu,1.0,0.8818608522415161
基础款/6040.mp4,bad_huanyuandu,1.0,0.8818687200546265
潜水款/7374.mp4,bad_huanyuandu,1.0,0.8819799423217773
基础款/6867.mp4,good,1.0,0.8822038769721985
基础款/6832.mp4,good,1.0,0.8822477459907532
基础款/6605.mp4,bad_huanyuandu,1.0,0.882553219795227
潜水款/6805.mp4,bad_huanyuandu,1.0,0.882673978805542
基础款/7107.mp4,good,1.0,0.8826771378517151
星月款/7001.mp4,good,1.0,0.8826953172683716
基础款/6993.mp4,good,1.0,0.8827797174453735
基础款/6467.mp4,bad_huanyuandu,1.0,0.8828529119491577
星月款/7150.mp4,bad_huanyuandu,1.0,0.8828705549240112
基础款/5608.mp4,good,1.0,0.8829594254493713
星月款/7006.mp4,good,1.0,0.8829950094223022
基础款/6735.mp4,bad_huanyuandu,1.0,0.8830848932266235
基础款/6327.mp4,good,1.0,0.8831712007522583
基础款/7372.mp4,bad_huanyuandu,1.0,0.8832637667655945
甜品款/6052.mp4,good,1.0,0.8832845091819763
基础款/6887.mp4,good,1.0,0.8833327889442444
基础款/7552.mp4,bad_huanyuandu,1.0,0.8837069272994995
基础款/6884.mp4,bad_huanyuandu,1.0,0.8837578296661377
星月款/6759.mp4,bad_huanyuandu,1.0,0.8838518857955933
基础款/5725.mp4,good,1.0,0.8838677406311035
森林款/6677.mp4,good,1.0,0.8839747905731201
基础款/6766.mp4,bad_huanyuandu,1.0,0.8840341567993164
基础款/6966.mp4,good,1.0,0.8845449090003967
基础款/5916.mp4,bad_huanyuandu,1.0,0.8846869468688965
基础款/6124.mp4,bad_huanyuandu,1.0,0.8848248720169067
基础款/6147.mp4,bad_huanyuandu,1.0,0.8852539658546448
花花款/6352.mp4,good,1.0,0.8852812051773071
基础款/6941.mp4,good,1.0,0.8852947354316711
基础款/6376.mp4,bad_huanyuandu,1.0,0.8854492902755737
冰晶款/7067.mp4,good,1.0,0.8856578469276428
基础款/6963.mp4,bad_huanyuandu,1.0,0.8857139348983765
基础款/6769.mp4,bad_huanyuandu,1.0,0.885816216468811
基础款/6928.mp4,bad_huanyuandu,1.0,0.8858993649482727
潜水款/6935.mp4,good,1.0,0.8860317468643188
基础款/6174.mp4,good,1.0,0.8863264918327332
星月款/6265.mp4,good,1.0,0.8864990472793579
基础款/6187.mp4,bad_huanyuandu,1.0,0.8865853548049927
基础款/6764.mp4,good,1.0,0.8868266940116882
潜水款/6768.mp4,bad_huanyuandu,1.0,0.8869705200195312
花花款/5996.mp4,bad_huanyuandu,1.0,0.8871035575866699
潜水款/7014.mp4,bad_huanyuandu,1.0,0.887238621711731
基础款/7595.mp4,bad_huanyuandu,1.0,0.8873530626296997
基础款/5709.mp4,good,1.0,0.887413740158081
潜水款/6855.mp4,bad_huanyuandu,1.0,0.8875517845153809
潜水款/6561.mp4,good,1.0,0.8875598907470703
基础款/6538.mp4,bad_huanyuandu,1.0,0.8875814080238342
基础款/7231.mp4,good,1.0,0.8877161741256714
基础款/6833.mp4,bad_huanyuandu,1.0,0.8878821730613708
基础款/6996.mp4,good,1.0,0.8880950808525085
基础款/6774.mp4,bad_huanyuandu,1.0,0.8881362676620483
基础款/6433.mp4,good,1.0,0.8881901502609253
森林款/6060.mp4,bad_huanyuandu,1.0,0.8882536888122559
基础款/6787.mp4,bad_huanyuandu,1.0,0.8885117769241333
基础款/6241.mp4,good,1.0,0.8886058926582336
基础款/7591.mp4,bad_huanyuandu,1.0,0.888615608215332
基础款/6570.mp4,bad_huanyuandu,1.0,0.8890736103057861
基础款/7285.mp4,good,1.0,0.8891468644142151
基础款/7046.mp4,bad_huanyuandu,1.0,0.8892782330513
星月款/6803.mp4,good,1.0,0.889470100402832
基础款/6914.mp4,good,1.0,0.8895030617713928
基础款/7076.mp4,bad_huanyuandu,1.0,0.8896005153656006
基础款/5686.mp4,good,1.0,0.889778733253479
花花款/5784.mp4,bad_huanyuandu,1.0,0.8899572491645813
基础款/7395.mp4,good,1.0,0.8901007175445557
基础款/6276.mp4,good,1.0,0.8902744054794312
基础款/6616.mp4,bad_huanyuandu,1.0,0.8903243541717529
基础款/5669.mp4,good,1.0,0.8905711770057678
冰晶款/6654.mp4,bad_huanyuandu,1.0,0.8906970024108887
基础款/6840.mp4,good,1.0,0.8907301425933838
基础款/7121.mp4,good,1.0,0.8907566666603088
基础款/6980.mp4,good,1.0,0.8908330798149109
基础款/7437.mp4,good,1.0,0.8908544182777405
花花款/6821.mp4,good,1.0,0.8908899426460266
潜水款/6938.mp4,good,1.0,0.8909746408462524
基础款/7020.mp4,good,1.0,0.8909984827041626
基础款/5652.mp4,bad_huanyuandu,1.0,0.8910446166992188
潜水款/6987.mp4,bad_huanyuandu,1.0,0.891191840171814
基础款/6474.mp4,bad_huanyuandu,1.0,0.891303300857544
基础款/6342.mp4,good,1.0,0.891480565071106
基础款/6640.mp4,good,1.0,0.8915855884552002
基础款/6246.mp4,bad_huanyuandu,1.0,0.8915883302688599
基础款/7296.mp4,good,1.0,0.891643226146698
基础款/7274.mp4,good,1.0,0.891829788684845
冰晶款/6771.mp4,bad_huanyuandu,1.0,0.8918529748916626
星月款/7055.mp4,good,1.0,0.8921718597412109
森林款/6706.mp4,bad_huanyuandu,1.0,0.892560601234436
冰晶款/6050.mp4,good,1.0,0.8927688598632812
森林款/6776.mp4,bad_huanyuandu,1.0,0.8928079605102539
冰晶款/7248.mp4,good,1.0,0.8930567502975464
基础款/6937.mp4,good,1.0,0.893076479434967
冰晶款/7472.mp4,good,1.0,0.8931448459625244
基础款/7469.mp4,bad_huanyuandu,1.0,0.8934521675109863
基础款/5746.mp4,bad_huanyuandu,1.0,0.8934966325759888
基础款/6373.mp4,bad_huanyuandu,1.0,0.8939904570579529
星月款/7227.mp4,good,1.0,0.8939919471740723
潜水款/6983.mp4,good,1.0,0.894064724445343
基础款/6864.mp4,good,1.0,0.8940924406051636
基础款/6321.mp4,good,1.0,0.894501268863678
基础款/6629.mp4,bad_huanyuandu,1.0,0.8945717811584473
基础款/6737.mp4,good,1.0,0.8947453498840332
基础款/7566.mp4,bad_huanyuandu,1.0,0.8947789669036865
森林款/7251.mp4,bad_huanyuandu,1.0,0.8949533700942993
基础款/5760.mp4,good,1.0,0.894989013671875
潜水款/6687.mp4,good,1.0,0.8951376676559448
冰晶款/6749.mp4,bad_huanyuandu,1.0,0.8951928615570068
森林款/5606.mp4,good,1.0,0.8952229619026184
基础款/7008.mp4,good,1.0,0.8952800631523132
基础款/6219.mp4,good,1.0,0.8952889442443848
基础款/6162.mp4,good,1.0,0.895298957824707
基础款/6878.mp4,bad_huanyuandu,1.0,0.8953117728233337
潜水款/6160.mp4,good,1.0,0.8955052495002747
基础款/5719.mp4,bad_huanyuandu,1.0,0.895700216293335
冰晶款/7148.mp4,bad_huanyuandu,1.0,0.8957626819610596
基础款/7031.mp4,good,1.0,0.895989716053009
花花款/7190.mp4,bad_huanyuandu,1.0,0.8960182070732117
基础款/6294.mp4,good,1.0,0.8960496783256531
基础款/7509.mp4,good,1.0,0.8963868618011475
基础款/6581.mp4,bad_huanyuandu,1.0,0.896410346031189
花花款/6991.mp4,good,1.0,0.8965128064155579
基础款/6917.mp4,good,1.0,0.8965401649475098
星月款/7604.mp4,good,1.0,0.8966845870018005
森林款/5743.mp4,bad_huanyuandu,1.0,0.8968217968940735
潜水款/7399.mp4,good,1.0,0.8968598246574402
基础款/6549.mp4,bad_huanyuandu,1.0,0.8969056010246277
基础款/7518.mp4,bad_huanyuandu,1.0,0.8969676494598389
基础款/6497.mp4,bad_huanyuandu,1.0,0.8970897793769836
基础款/6157.mp4,good,1.0,0.8971588611602783
冰晶款/6145.mp4,bad_huanyuandu,1.0,0.8972383737564087
基础款/6293.mp4,good,1.0,0.8972429633140564
冰晶款/6307.mp4,good,1.0,0.8973690271377563
基础款/7030.mp4,bad_huanyuandu,1.0,0.8974000215530396
冰晶款/6144.mp4,good,1.0,0.8975544571876526
冰晶款/7366.mp4,good,1.0,0.8976503610610962
基础款/5943.mp4,bad_huanyuandu,1.0,0.8979545831680298
基础款/6868.mp4,bad_huanyuandu,1.0,0.8981715440750122
冰晶款/6133.mp4,bad_huanyuandu,1.0,0.898389995098114
基础款/7338.mp4,good,1.0,0.8984131813049316
基础款/6742.mp4,good,1.0,0.8987166881561279
基础款/6261.mp4,good,1.0,0.898904025554657
基础款/6186.mp4,good,1.0,0.8989444971084595
花花款/7040.mp4,good,1.0,0.8989790678024292
基础款/6287.mp4,bad_huanyuandu,1.0,0.8989969491958618
冰晶款/7316.mp4,good,1.0,0.89908766746521
基础款/6947.mp4,bad_huanyuandu,1.0,0.8992980122566223
甜品款/6536.mp4,good,1.0,0.8994536399841309
基础款/6756.mp4,good,1.0,0.8996883630752563
星月款/6564.mp4,good,1.0,0.8997169733047485
基础款/7005.mp4,good,1.0,0.8997275829315186
基础款/7137.mp4,good,1.0,0.8997822999954224
基础款/6485.mp4,good,1.0,0.9000568985939026
基础款/6590.mp4,bad_huanyuandu,1.0,0.9001225233078003
冰晶款/6477.mp4,good,1.0,0.9001904726028442
基础款/6954.mp4,good,1.0,0.9002494812011719
基础款/6475.mp4,bad_huanyuandu,1.0,0.9002633690834045
基础款/6584.mp4,good,1.0,0.900359034538269
基础款/6198.mp4,bad_huanyuandu,1.0,0.9003958702087402
冰晶款/6409.mp4,bad_huanyuandu,1.0,0.9004037380218506
基础款/6652.mp4,bad_huanyuandu,1.0,0.9004610776901245
基础款/6800.mp4,good,1.0,0.9007020592689514
基础款/6948.mp4,bad_huanyuandu,1.0,0.9007813334465027
花花款/7063.mp4,good,1.0,0.9008498787879944
基础款/6707.mp4,bad_huanyuandu,1.0,0.9009220004081726
基础款/7045.mp4,good,1.0,0.9009664058685303
森林款/7122.mp4,good,1.0,0.9010486006736755
基础款/6863.mp4,good,1.0,0.9012328386306763
甜品款/7128.mp4,good,1.0,0.9013060331344604
基础款/6614.mp4,bad_huanyuandu,1.0,0.9013216495513916
基础款/5787.mp4,bad_huanyuandu,1.0,0.9013882875442505
基础款/6667.mp4,bad_huanyuandu,1.0,0.9014151096343994
基础款/7109.mp4,good,1.0,0.9014161825180054
基础款/6346.mp4,good,1.0,0.9015833735466003
甜品款/6493.mp4,good,1.0,0.9015904664993286
星月款/6318.mp4,bad_huanyuandu,1.0,0.9016309976577759
基础款/6406.mp4,bad_huanyuandu,1.0,0.9018887281417847
花花款/6207.mp4,bad_huanyuandu,1.0,0.9019770622253418
基础款/6508.mp4,bad_huanyuandu,1.0,0.9020312428474426
甜品款/5643.mp4,bad_huanyuandu,1.0,0.9021133780479431
甜品款/6639.mp4,bad_huanyuandu,1.0,0.9021406769752502
森林款/5691.mp4,good,1.0,0.9022992849349976
基础款/6221.mp4,bad_huanyuandu,1.0,0.9024707078933716
基础款/6118.mp4,good,1.0,0.9025297164916992
基础款/6305.mp4,bad_huanyuandu,1.0,0.9025617837905884
冰晶款/6870.mp4,good,1.0,0.9025936126708984
花花款/7473.mp4,bad_huanyuandu,1.0,0.9026164412498474
冰晶款/6869.mp4,good,1.0,0.9027736783027649
基础款/6761.mp4,good,1.0,0.9028198719024658
潜水款/6669.mp4,bad_huanyuandu,1.0,0.9028670191764832
基础款/5896.mp4,bad_huanyuandu,1.0,0.9029901027679443
森林款/6874.mp4,bad_huanyuandu,1.0,0.9030342698097229
花花款/6871.mp4,good,1.0,0.9032725095748901
基础款/6138.mp4,good,1.0,0.9034719467163086
冰晶款/5785.mp4,good,1.0,0.903488039970398
基础款/6418.mp4,bad_huanyuandu,1.0,0.9035012722015381
基础款/6961.mp4,bad_huanyuandu,1.0,0.903506875038147
基础款/6861.mp4,good,1.0,0.9036074280738831
基础款/7087.mp4,bad_huanyuandu,1.0,0.9036215543746948
星月款/7206.mp4,good,1.0,0.9037222266197205
基础款/7379.mp4,good,1.0,0.9037494659423828
基础款/5903.mp4,bad_huanyuandu,1.0,0.9037696719169617
基础款/7102.mp4,good,1.0,0.9037925004959106
基础款/6823.mp4,bad_huanyuandu,1.0,0.9038247466087341
基础款/6310.mp4,bad_huanyuandu,1.0,0.903952956199646
基础款/6534.mp4,good,1.0,0.9039649963378906
潜水款/6473.mp4,bad_huanyuandu,1.0,0.904017448425293
基础款/7348.mp4,bad_huanyuandu,1.0,0.9041624069213867
基础款/7541.mp4,good,1.0,0.9041733145713806
基础款/6876.mp4,good,1.0,0.9043217897415161
基础款/6904.mp4,bad_huanyuandu,1.0,0.9043357372283936
潜水款/6888.mp4,bad_huanyuandu,1.0,0.904538094997406
星月款/6808.mp4,bad_huanyuandu,1.0,0.9046193361282349
基础款/6381.mp4,good,1.0,0.9047168493270874
冰晶款/5697.mp4,good,1.0,0.9049826860427856
冰晶款/7018.mp4,bad_huanyuandu,1.0,0.9051780104637146
基础款/5704.mp4,bad_huanyuandu,1.0,0.9053055047988892
冰晶款/5825.mp4,bad_huanyuandu,1.0,0.9058538675308228
星月款/6661.mp4,bad_huanyuandu,1.0,0.9059154391288757
基础款/6926.mp4,bad_huanyuandu,1.0,0.906183123588562
潜水款/6838.mp4,good,1.0,0.9061981439590454
甜品款/7382.mp4,bad_huanyuandu,1.0,0.9062285423278809
基础款/5753.mp4,bad_huanyuandu,1.0,0.9063565135002136
基础款/6627.mp4,good,1.0,0.9063595533370972
基础款/6094.mp4,good,1.0,0.9063740372657776
基础款/6297.mp4,bad_huanyuandu,1.0,0.9064749479293823
甜品款/7078.mp4,good,1.0,0.9065895676612854
基础款/6825.mp4,good,1.0,0.9070171117782593
基础款/6309.mp4,good,1.0,0.907146692276001
基础款/6740.mp4,good,1.0,0.9072695970535278
冰晶款/6846.mp4,good,1.0,0.9072750210762024
星月款/6004.mp4,good,1.0,0.9075237512588501
基础款/6988.mp4,good,1.0,0.9075435996055603
基础款/6513.mp4,bad_huanyuandu,1.0,0.9075901508331299
基础款/6893.mp4,good,1.0,0.9076104760169983
冰晶款/6969.mp4,good,1.0,0.9076783657073975
基础款/6940.mp4,good,1.0,0.9078681468963623
花花款/7494.mp4,bad_huanyuandu,1.0,0.9080009460449219
基础款/6178.mp4,bad_huanyuandu,1.0,0.9082609415054321
星月款/6858.mp4,good,1.0,0.9083516001701355
星月款/6952.mp4,bad_huanyuandu,1.0,0.9084770679473877
基础款/6844.mp4,good,1.0,0.9084775447845459
基础款/6841.mp4,good,1.0,0.9086146354675293
基础款/6848.mp4,bad_huanyuandu,1.0,0.9086155891418457
冰晶款/7343.mp4,good,1.0,0.9086318016052246
花花款/6304.mp4,bad_huanyuandu,1.0,0.908755362033844
基础款/6731.mp4,bad_huanyuandu,1.0,0.90898597240448
基础款/6725.mp4,bad_huanyuandu,1.0,0.909328818321228
基础款/7426.mp4,good,1.0,0.9093547463417053
基础款/7131.mp4,good,1.0,0.9093834161758423
花花款/6724.mp4,bad_huanyuandu,1.0,0.9094943404197693
基础款/6817.mp4,good,1.0,0.909883439540863
基础款/5707.mp4,bad_huanyuandu,1.0,0.9098920822143555
基础款/6595.mp4,bad_huanyuandu,1.0,0.9100633859634399
基础款/7052.mp4,good,1.0,0.9101060032844543
冰晶款/6796.mp4,good,1.0,0.9104084968566895
基础款/7054.mp4,good,1.0,0.9106496572494507
基础款/6593.mp4,good,1.0,0.9107314348220825
冰晶款/6845.mp4,good,1.0,0.910760760307312
基础款/6709.mp4,good,1.0,0.9108752012252808
冰晶款/6722.mp4,good,1.0,0.9109315872192383
冰晶款/7496.mp4,good,1.0,0.9113150238990784
基础款/6290.mp4,good,1.0,0.911358654499054
基础款/6982.mp4,good,1.0,0.9115021228790283
甜品款/7184.mp4,good,1.0,0.9115085005760193
基础款/6690.mp4,bad_huanyuandu,1.0,0.9115337133407593
基础款/7070.mp4,good,1.0,0.9116269946098328
基础款/6175.mp4,good,1.0,0.9119307994842529
基础款/5894.mp4,bad_huanyuandu,1.0,0.9120767712593079
花花款/6745.mp4,good,1.0,0.912077784538269
基础款/6843.mp4,good,1.0,0.9122126698493958
基础款/6173.mp4,bad_huanyuandu,1.0,0.9124323129653931
基础款/7270.mp4,good,1.0,0.9126394987106323
星月款/6807.mp4,good,1.0,0.9126614332199097
基础款/6582.mp4,bad_huanyuandu,1.0,0.9127999544143677
花花款/7069.mp4,good,1.0,0.9128658175468445
基础款/6747.mp4,good,1.0,0.9131640195846558
基础款/7394.mp4,good,1.0,0.9132135510444641
基础款/6274.mp4,good,1.0,0.9133204221725464
基础款/7095.mp4,good,1.0,0.9133509993553162
基础款/6934.mp4,good,1.0,0.9134442210197449
基础款/5878.mp4,good,1.0,0.9134896397590637
基础款/6539.mp4,bad_huanyuandu,1.0,0.9135686159133911
基础款/5802.mp4,bad_huanyuandu,1.0,0.9136017560958862
基础款/6681.mp4,bad_huanyuandu,1.0,0.9136041402816772
基础款/6385.mp4,good,1.0,0.9136292934417725
冰晶款/5963.mp4,bad_huanyuandu,1.0,0.9137248992919922
基础款/7344.mp4,good,1.0,0.9137619733810425
基础款/6018.mp4,good,1.0,0.9138070344924927
基础款/6882.mp4,good,1.0,0.9138102531433105
基础款/6045.mp4,bad_huanyuandu,1.0,0.9139264822006226
冰晶款/6576.mp4,good,1.0,0.914566159248352
基础款/7000.mp4,good,1.0,0.9145735502243042
基础款/6951.mp4,bad_huanyuandu,1.0,0.9146257638931274
基础款/6199.mp4,bad_huanyuandu,1.0,0.9147775769233704
基础款/7116.mp4,good,1.0,0.9150364398956299
基础款/5974.mp4,good,1.0,0.9150962829589844
基础款/6967.mp4,bad_huanyuandu,1.0,0.9151334762573242
基础款/6918.mp4,good,1.0,0.9152304530143738
基础款/7176.mp4,bad_huanyuandu,1.0,0.9153771996498108
基础款/7463.mp4,good,1.0,0.9154047966003418
基础款/7259.mp4,good,1.0,0.9155939817428589
基础款/6180.mp4,good,1.0,0.9156972169876099
森林款/6412.mp4,good,1.0,0.9159873127937317
基础款/6426.mp4,bad_huanyuandu,1.0,0.9161101579666138
基础款/7035.mp4,good,1.0,0.9162164926528931
冰晶款/7093.mp4,good,1.0,0.9163069725036621
基础款/6891.mp4,good,1.0,0.9163985252380371
基础款/6384.mp4,good,1.0,0.916405200958252
潜水款/6594.mp4,good,1.0,0.916560173034668
基础款/5855.mp4,good,1.0,0.9171597361564636
基础款/7226.mp4,bad_huanyuandu,1.0,0.9172554016113281
基础款/7146.mp4,bad_huanyuandu,1.0,0.9172710180282593
基础款/7558.mp4,good,1.0,0.9174105525016785
基础款/6116.mp4,good,1.0,0.9174835085868835
森林款/6824.mp4,good,1.0,0.9177148342132568
基础款/6835.mp4,bad_huanyuandu,1.0,0.9177467226982117
基础款/7162.mp4,good,1.0,0.9177795648574829
星月款/6929.mp4,good,1.0,0.9182705879211426
基础款/7092.mp4,good,1.0,0.9184063673019409
甜品款/7535.mp4,bad_huanyuandu,1.0,0.9185270667076111
花花款/6003.mp4,good,1.0,0.9186077117919922
基础款/7359.mp4,good,1.0,0.9186548590660095
基础款/6468.mp4,bad_huanyuandu,1.0,0.918997049331665
潜水款/7036.mp4,good,1.0,0.9191365242004395
潜水款/6495.mp4,bad_huanyuandu,1.0,0.9192007184028625
基础款/6932.mp4,bad_huanyuandu,1.0,0.9193128347396851
基础款/6344.mp4,bad_huanyuandu,1.0,0.9194014072418213
基础款/5798.mp4,bad_huanyuandu,1.0,0.9194737672805786
基础款/6778.mp4,good,1.0,0.9198166728019714
基础款/6734.mp4,good,1.0,0.9199779033660889
基础款/7307.mp4,good,1.0,0.9205476641654968
基础款/6262.mp4,good,1.0,0.9205530881881714
甜品款/5638.mp4,bad_huanyuandu,1.0,0.9206483364105225
基础款/7446.mp4,good,1.0,0.9209834933280945
基础款/5634.mp4,bad_huanyuandu,1.0,0.9210985898971558
基础款/7038.mp4,good,1.0,0.9213821887969971
基础款/6306.mp4,bad_huanyuandu,1.0,0.9213939905166626
基础款/6357.mp4,good,1.0,0.9213980436325073
潜水款/7025.mp4,good,1.0,0.9217714667320251
基础款/6338.mp4,good,1.0,0.9218977093696594
基础款/6777.mp4,bad_huanyuandu,1.0,0.9221493005752563
冰晶款/6919.mp4,good,1.0,0.9221867322921753
基础款/6990.mp4,bad_huanyuandu,1.0,0.922189474105835
基础款/7010.mp4,good,1.0,0.9223675727844238
基础款/7486.mp4,good,1.0,0.9224401116371155
基础款/6814.mp4,bad_huanyuandu,1.0,0.9225114583969116
基础款/7058.mp4,bad_huanyuandu,1.0,0.9227732419967651
基础款/6518.mp4,bad_huanyuandu,1.0,0.9230707883834839
森林款/7444.mp4,bad_huanyuandu,1.0,0.923343300819397
基础款/6033.mp4,good,1.0,0.9235408306121826
基础款/5763.mp4,bad_huanyuandu,0.9375,0.923632800579071
基础款/6795.mp4,good,1.0,0.9236438274383545
花花款/6190.mp4,good,1.0,0.9237149953842163
基础款/6694.mp4,bad_huanyuandu,1.0,0.9242450594902039
基础款/6597.mp4,bad_huanyuandu,1.0,0.9248079657554626
冰晶款/6945.mp4,good,1.0,0.9252130389213562
基础款/7474.mp4,good,1.0,0.9254788756370544
冰晶款/7500.mp4,bad_huanyuandu,1.0,0.9255858659744263
星月款/6232.mp4,good,1.0,0.9257160425186157
基础款/7271.mp4,bad_huanyuandu,1.0,0.9257969856262207
基础款/5986.mp4,bad_huanyuandu,1.0,0.9258076548576355
基础款/7495.mp4,bad_huanyuandu,1.0,0.9260371923446655
基础款/7057.mp4,bad_huanyuandu,1.0,0.9261627793312073
基础款/6780.mp4,good,1.0,0.926225483417511
冰晶款/6551.mp4,bad_huanyuandu,1.0,0.9263243675231934
基础款/7254.mp4,good,1.0,0.9264902472496033
冰晶款/6453.mp4,good,1.0,0.9269810914993286
基础款/6353.mp4,bad_huanyuandu,1.0,0.927189290523529
基础款/7066.mp4,good,1.0,0.9277035593986511
基础款/7159.mp4,good,1.0,0.9299123287200928
基础款/6517.mp4,bad_huanyuandu,1.0,0.930135190486908
基础款/6123.mp4,good,1.0,0.9305394887924194
基础款/6712.mp4,good,1.0,0.9305850863456726
花花款/6815.mp4,good,1.0,0.9309778809547424
基础款/7026.mp4,bad_huanyuandu,1.0,0.931437611579895
基础款/6911.mp4,good,1.0,0.9316257238388062
基础款/6621.mp4,good,1.0,0.9320486783981323
基础款/7262.mp4,good,1.0,0.9322078227996826
基础款/5834.mp4,good,1.0,0.9324790239334106
基础款/6370.mp4,bad_huanyuandu,1.0,0.9331876039505005
冰晶款/7043.mp4,good,1.0,0.9343735575675964
基础款/6859.mp4,bad_huanyuandu,1.0,0.9345125555992126
花花款/6374.mp4,good,1.0,0.9347037076950073
基础款/7320.mp4,bad_huanyuandu,1.0,0.9348896145820618
冰晶款/7143.mp4,good,1.0,0.9359756708145142
基础款/6791.mp4,good,1.0,0.9359841346740723
基础款/6419.mp4,bad_huanyuandu,1.0,0.9365057349205017
基础款/7261.mp4,bad_huanyuandu,1.0,0.9366391897201538
基础款/5650.mp4,bad_huanyuandu,1.0,0.9367935061454773
基础款/6210.mp4,bad_huanyuandu,1.0,0.938581109046936
基础款/6579.mp4,bad_huanyuandu,1.0,0.9387097954750061
基础款/6610.mp4,bad_huanyuandu,1.0,0.9401710033416748
基础款/7252.mp4,bad_huanyuandu,1.0,0.9401849508285522
基础款/6463.mp4,bad_huanyuandu,1.0,0.9412461519241333
基础款/6398.mp4,bad_huanyuandu,1.0,0.9440715312957764
基础款/6923.mp4,good,1.0,0.9486200213432312
