i,mean3,s42,s101,s202,cfg
-1,0.3146,0.3209,0.3187,0.3041,"{""num_leaves"": 7, ""n_estimators"": 122, ""learning_rate"": 0.0317, ""min_child_samples"": 60, ""scale_pos_weight"": 1.0689, ""feature_fraction"": 0.503, ""bagging_fraction"": 0.9871}"
0,0.2912,0.2988,0.2899,0.285,"{""num_leaves"": 23, ""n_estimators"": 80, ""learning_rate"": 0.08, ""min_child_samples"": 90, ""scale_pos_weight"": 1.6, ""feature_fraction"": 0.8, ""bagging_fraction"": 0.85}"
1,0.309,0.3063,0.3138,0.3067,"{""num_leaves"": 15, ""n_estimators"": 180, ""learning_rate"": 0.02, ""min_child_samples"": 20, ""scale_pos_weight"": 1.0, ""feature_fraction"": 0.35, ""bagging_fraction"": 0.99}"
2,0.31,0.3107,0.3067,0.3125,"{""num_leaves"": 7, ""n_estimators"": 80, ""learning_rate"": 0.032, ""min_child_samples"": 40, ""scale_pos_weight"": 1.07, ""feature_fraction"": 0.35, ""bagging_fraction"": 0.85}"
3,0.3022,0.3027,0.3129,0.2908,"{""num_leaves"": 23, ""n_estimators"": 260, ""learning_rate"": 0.02, ""min_child_samples"": 90, ""scale_pos_weight"": 1.07, ""feature_fraction"": 0.65, ""bagging_fraction"": 0.7}"
4,0.3013,0.3005,0.3067,0.2965,"{""num_leaves"": 10, ""n_estimators"": 260, ""learning_rate"": 0.02, ""min_child_samples"": 40, ""scale_pos_weight"": 1.6, ""feature_fraction"": 0.5, ""bagging_fraction"": 0.99}"
5,0.3061,0.3014,0.3107,0.3063,"{""num_leaves"": 5, ""n_estimators"": 122, ""learning_rate"": 0.032, ""min_child_samples"": 40, ""scale_pos_weight"": 1.6, ""feature_fraction"": 0.35, ""bagging_fraction"": 0.99}"
6,0.29,0.2979,0.2788,0.2934,"{""num_leaves"": 23, ""n_estimators"": 260, ""learning_rate"": 0.05, ""min_child_samples"": 90, ""scale_pos_weight"": 1.3, ""feature_fraction"": 0.8, ""bagging_fraction"": 0.7}"
7,0.3132,0.3152,0.3178,0.3067,"{""num_leaves"": 10, ""n_estimators"": 80, ""learning_rate"": 0.02, ""min_child_samples"": 130, ""scale_pos_weight"": 1.07, ""feature_fraction"": 0.5, ""bagging_fraction"": 0.99}"
8,0.3056,0.3169,0.3045,0.2952,"{""num_leaves"": 5, ""n_estimators"": 350, ""learning_rate"": 0.032, ""min_child_samples"": 130, ""scale_pos_weight"": 1.07, ""feature_fraction"": 0.65, ""bagging_fraction"": 0.99}"
9,0.3112,0.3152,0.3116,0.3067,"{""num_leaves"": 5, ""n_estimators"": 122, ""learning_rate"": 0.032, ""min_child_samples"": 40, ""scale_pos_weight"": 1.07, ""feature_fraction"": 0.8, ""bagging_fraction"": 0.99}"
10,0.2906,0.293,0.2806,0.2983,"{""num_leaves"": 15, ""n_estimators"": 180, ""learning_rate"": 0.08, ""min_child_samples"": 20, ""scale_pos_weight"": 1.3, ""feature_fraction"": 0.8, ""bagging_fraction"": 0.85}"
11,0.2927,0.2974,0.2939,0.2868,"{""num_leaves"": 23, ""n_estimators"": 122, ""learning_rate"": 0.05, ""min_child_samples"": 130, ""scale_pos_weight"": 1.6, ""feature_fraction"": 0.35, ""bagging_fraction"": 0.99}"
12,0.2912,0.2983,0.2939,0.2815,"{""num_leaves"": 23, ""n_estimators"": 350, ""learning_rate"": 0.08, ""min_child_samples"": 130, ""scale_pos_weight"": 1.0, ""feature_fraction"": 0.35, ""bagging_fraction"": 0.7}"
13,0.2971,0.2996,0.2899,0.3019,"{""num_leaves"": 23, ""n_estimators"": 260, ""learning_rate"": 0.05, ""min_child_samples"": 20, ""scale_pos_weight"": 1.07, ""feature_fraction"": 0.5, ""bagging_fraction"": 0.85}"
14,0.3069,0.309,0.309,0.3027,"{""num_leaves"": 15, ""n_estimators"": 80, ""learning_rate"": 0.08, ""min_child_samples"": 20, ""scale_pos_weight"": 1.07, ""feature_fraction"": 0.65, ""bagging_fraction"": 0.7}"
15,0.3126,0.3103,0.3152,0.3125,"{""num_leaves"": 10, ""n_estimators"": 80, ""learning_rate"": 0.032, ""min_child_samples"": 90, ""scale_pos_weight"": 1.3, ""feature_fraction"": 0.65, ""bagging_fraction"": 0.85}"
16,0.2903,0.2837,0.2965,0.2908,"{""num_leaves"": 5, ""n_estimators"": 122, ""learning_rate"": 0.08, ""min_child_samples"": 20, ""scale_pos_weight"": 1.3, ""feature_fraction"": 0.65, ""bagging_fraction"": 0.99}"
17,0.3054,0.305,0.3098,0.3014,"{""num_leaves"": 15, ""n_estimators"": 180, ""learning_rate"": 0.032, ""min_child_samples"": 60, ""scale_pos_weight"": 1.3, ""feature_fraction"": 0.8, ""bagging_fraction"": 0.99}"
18,0.2905,0.2926,0.2943,0.2846,"{""num_leaves"": 15, ""n_estimators"": 260, ""learning_rate"": 0.05, ""min_child_samples"": 90, ""scale_pos_weight"": 1.0, ""feature_fraction"": 0.5, ""bagging_fraction"": 0.99}"
19,0.3017,0.3045,0.3103,0.2903,"{""num_leaves"": 15, ""n_estimators"": 122, ""learning_rate"": 0.05, ""min_child_samples"": 40, ""scale_pos_weight"": 1.0, ""feature_fraction"": 0.65, ""bagging_fraction"": 0.99}"
20,0.2961,0.2952,0.3054,0.2877,"{""num_leaves"": 15, ""n_estimators"": 80, ""learning_rate"": 0.08, ""min_child_samples"": 60, ""scale_pos_weight"": 1.6, ""feature_fraction"": 0.35, ""bagging_fraction"": 0.7}"
21,0.3056,0.3005,0.3103,0.3059,"{""num_leaves"": 5, ""n_estimators"": 260, ""learning_rate"": 0.05, ""min_child_samples"": 60, ""scale_pos_weight"": 1.6, ""feature_fraction"": 0.35, ""bagging_fraction"": 0.7}"
22,0.3076,0.3169,0.3019,0.3041,"{""num_leaves"": 5, ""n_estimators"": 80, ""learning_rate"": 0.032, ""min_child_samples"": 60, ""scale_pos_weight"": 1.6, ""feature_fraction"": 0.65, ""bagging_fraction"": 0.99}"
23,0.3132,0.309,0.3094,0.3214,"{""num_leaves"": 15, ""n_estimators"": 80, ""learning_rate"": 0.02, ""min_child_samples"": 20, ""scale_pos_weight"": 1.6, ""feature_fraction"": 0.8, ""bagging_fraction"": 0.7}"
24,0.3109,0.3107,0.3085,0.3134,"{""num_leaves"": 10, ""n_estimators"": 180, ""learning_rate"": 0.02, ""min_child_samples"": 130, ""scale_pos_weight"": 1.6, ""feature_fraction"": 0.35, ""bagging_fraction"": 0.85}"
25,0.2955,0.2961,0.2939,0.2965,"{""num_leaves"": 5, ""n_estimators"": 350, ""learning_rate"": 0.08, ""min_child_samples"": 90, ""scale_pos_weight"": 1.0, ""feature_fraction"": 0.65, ""bagging_fraction"": 0.85}"
26,0.3135,0.3143,0.3191,0.3072,"{""num_leaves"": 7, ""n_estimators"": 260, ""learning_rate"": 0.02, ""min_child_samples"": 20, ""scale_pos_weight"": 1.0, ""feature_fraction"": 0.5, ""bagging_fraction"": 0.85}"
27,0.3075,0.3094,0.3129,0.3001,"{""num_leaves"": 7, ""n_estimators"": 80, ""learning_rate"": 0.02, ""min_child_samples"": 40, ""scale_pos_weight"": 1.3, ""feature_fraction"": 0.5, ""bagging_fraction"": 0.85}"
28,0.3098,0.3156,0.3107,0.3032,"{""num_leaves"": 15, ""n_estimators"": 122, ""learning_rate"": 0.02, ""min_child_samples"": 20, ""scale_pos_weight"": 1.0, ""feature_fraction"": 0.8, ""bagging_fraction"": 0.85}"
29,0.305,0.3081,0.3027,0.3041,"{""num_leaves"": 5, ""n_estimators"": 80, ""learning_rate"": 0.08, ""min_child_samples"": 40, ""scale_pos_weight"": 1.3, ""feature_fraction"": 0.35, ""bagging_fraction"": 0.99}"
30,0.3113,0.3165,0.3121,0.3054,"{""num_leaves"": 15, ""n_estimators"": 122, ""learning_rate"": 0.032, ""min_child_samples"": 130, ""scale_pos_weight"": 1.0, ""feature_fraction"": 0.5, ""bagging_fraction"": 0.7}"
31,0.2883,0.2841,0.2961,0.2846,"{""num_leaves"": 15, ""n_estimators"": 180, ""learning_rate"": 0.08, ""min_child_samples"": 90, ""scale_pos_weight"": 1.3, ""feature_fraction"": 0.35, ""bagging_fraction"": 0.99}"
32,0.3038,0.3045,0.3036,0.3032,"{""num_leaves"": 15, ""n_estimators"": 260, ""learning_rate"": 0.02, ""min_child_samples"": 90, ""scale_pos_weight"": 1.0, ""feature_fraction"": 0.35, ""bagging_fraction"": 0.99}"
33,0.2896,0.2872,0.2859,0.2957,"{""num_leaves"": 15, ""n_estimators"": 350, ""learning_rate"": 0.08, ""min_child_samples"": 20, ""scale_pos_weight"": 1.3, ""feature_fraction"": 0.8, ""bagging_fraction"": 0.85}"
34,0.2942,0.2988,0.2943,0.2895,"{""num_leaves"": 15, ""n_estimators"": 350, ""learning_rate"": 0.032, ""min_child_samples"": 90, ""scale_pos_weight"": 1.6, ""feature_fraction"": 0.8, ""bagging_fraction"": 0.85}"
35,0.2977,0.3072,0.3054,0.2806,"{""num_leaves"": 7, ""n_estimators"": 122, ""learning_rate"": 0.08, ""min_child_samples"": 90, ""scale_pos_weight"": 1.3, ""feature_fraction"": 0.65, ""bagging_fraction"": 0.99}"
36,0.2899,0.2948,0.2846,0.2903,"{""num_leaves"": 23, ""n_estimators"": 260, ""learning_rate"": 0.08, ""min_child_samples"": 40, ""scale_pos_weight"": 1.3, ""feature_fraction"": 0.8, ""bagging_fraction"": 0.85}"
37,0.285,0.2939,0.2872,0.2739,"{""num_leaves"": 7, ""n_estimators"": 350, ""learning_rate"": 0.05, ""min_child_samples"": 60, ""scale_pos_weight"": 1.0, ""feature_fraction"": 0.5, ""bagging_fraction"": 0.85}"
38,0.3076,0.3107,0.316,0.2961,"{""num_leaves"": 5, ""n_estimators"": 350, ""learning_rate"": 0.02, ""min_child_samples"": 90, ""scale_pos_weight"": 1.3, ""feature_fraction"": 0.5, ""bagging_fraction"": 0.99}"
39,0.3066,0.3054,0.3081,0.3063,"{""num_leaves"": 5, ""n_estimators"": 80, ""learning_rate"": 0.032, ""min_child_samples"": 40, ""scale_pos_weight"": 1.07, ""feature_fraction"": 0.35, ""bagging_fraction"": 0.7}"
40,0.3163,0.3236,0.3116,0.3138,"{""num_leaves"": 15, ""n_estimators"": 80, ""learning_rate"": 0.02, ""min_child_samples"": 130, ""scale_pos_weight"": 1.0, ""feature_fraction"": 0.5, ""bagging_fraction"": 0.7}"
41,0.2915,0.2926,0.2846,0.2974,"{""num_leaves"": 15, ""n_estimators"": 180, ""learning_rate"": 0.05, ""min_child_samples"": 40, ""scale_pos_weight"": 1.07, ""feature_fraction"": 0.65, ""bagging_fraction"": 0.85}"
42,0.3082,0.3129,0.3134,0.2983,"{""num_leaves"": 23, ""n_estimators"": 180, ""learning_rate"": 0.032, ""min_child_samples"": 130, ""scale_pos_weight"": 1.0, ""feature_fraction"": 0.5, ""bagging_fraction"": 0.85}"
43,0.2962,0.2957,0.2943,0.2988,"{""num_leaves"": 10, ""n_estimators"": 260, ""learning_rate"": 0.032, ""min_child_samples"": 90, ""scale_pos_weight"": 1.3, ""feature_fraction"": 0.65, ""bagging_fraction"": 0.85}"
44,0.2829,0.2841,0.2801,0.2846,"{""num_leaves"": 10, ""n_estimators"": 350, ""learning_rate"": 0.08, ""min_child_samples"": 90, ""scale_pos_weight"": 1.07, ""feature_fraction"": 0.5, ""bagging_fraction"": 0.85}"
45,0.3029,0.3165,0.2979,0.2943,"{""num_leaves"": 7, ""n_estimators"": 122, ""learning_rate"": 0.05, ""min_child_samples"": 20, ""scale_pos_weight"": 1.6, ""feature_fraction"": 0.5, ""bagging_fraction"": 0.7}"
46,0.3135,0.3005,0.324,0.316,"{""num_leaves"": 15, ""n_estimators"": 122, ""learning_rate"": 0.032, ""min_child_samples"": 60, ""scale_pos_weight"": 1.0, ""feature_fraction"": 0.65, ""bagging_fraction"": 0.7}"
47,0.2954,0.2965,0.2895,0.3001,"{""num_leaves"": 10, ""n_estimators"": 350, ""learning_rate"": 0.05, ""min_child_samples"": 20, ""scale_pos_weight"": 1.0, ""feature_fraction"": 0.8, ""bagging_fraction"": 0.7}"
48,0.3121,0.3134,0.3214,0.3014,"{""num_leaves"": 5, ""n_estimators"": 260, ""learning_rate"": 0.032, ""min_child_samples"": 90, ""scale_pos_weight"": 1.3, ""feature_fraction"": 0.8, ""bagging_fraction"": 0.7}"
49,0.3026,0.3001,0.3112,0.2965,"{""num_leaves"": 15, ""n_estimators"": 80, ""learning_rate"": 0.08, ""min_child_samples"": 60, ""scale_pos_weight"": 1.07, ""feature_fraction"": 0.35, ""bagging_fraction"": 0.7}"
50,0.3189,0.3267,0.3169,0.3129,"{""num_leaves"": 5, ""n_estimators"": 260, ""learning_rate"": 0.02, ""min_child_samples"": 130, ""scale_pos_weight"": 1.07, ""feature_fraction"": 0.35, ""bagging_fraction"": 0.99}"
51,0.2874,0.2992,0.2797,0.2832,"{""num_leaves"": 23, ""n_estimators"": 350, ""learning_rate"": 0.05, ""min_child_samples"": 130, ""scale_pos_weight"": 1.3, ""feature_fraction"": 0.8, ""bagging_fraction"": 0.99}"
52,0.3067,0.3054,0.3276,0.2872,"{""num_leaves"": 15, ""n_estimators"": 80, ""learning_rate"": 0.032, ""min_child_samples"": 20, ""scale_pos_weight"": 1.0, ""feature_fraction"": 0.8, ""bagging_fraction"": 0.85}"
53,0.2815,0.2762,0.2855,0.2828,"{""num_leaves"": 15, ""n_estimators"": 350, ""learning_rate"": 0.08, ""min_child_samples"": 130, ""scale_pos_weight"": 1.07, ""feature_fraction"": 0.65, ""bagging_fraction"": 0.99}"
54,0.2861,0.2952,0.2886,0.2744,"{""num_leaves"": 23, ""n_estimators"": 122, ""learning_rate"": 0.08, ""min_child_samples"": 90, ""scale_pos_weight"": 1.6, ""feature_fraction"": 0.5, ""bagging_fraction"": 0.99}"
55,0.3007,0.2895,0.3076,0.305,"{""num_leaves"": 10, ""n_estimators"": 260, ""learning_rate"": 0.05, ""min_child_samples"": 60, ""scale_pos_weight"": 1.6, ""feature_fraction"": 0.8, ""bagging_fraction"": 0.7}"
56,0.2952,0.2957,0.2948,0.2952,"{""num_leaves"": 23, ""n_estimators"": 180, ""learning_rate"": 0.032, ""min_child_samples"": 40, ""scale_pos_weight"": 1.3, ""feature_fraction"": 0.65, ""bagging_fraction"": 0.85}"
57,0.31,0.316,0.3138,0.3001,"{""num_leaves"": 5, ""n_estimators"": 260, ""learning_rate"": 0.02, ""min_child_samples"": 60, ""scale_pos_weight"": 1.0, ""feature_fraction"": 0.8, ""bagging_fraction"": 0.99}"
58,0.3092,0.3191,0.3059,0.3027,"{""num_leaves"": 7, ""n_estimators"": 180, ""learning_rate"": 0.032, ""min_child_samples"": 130, ""scale_pos_weight"": 1.07, ""feature_fraction"": 0.5, ""bagging_fraction"": 0.99}"
59,0.307,0.3143,0.3059,0.301,"{""num_leaves"": 5, ""n_estimators"": 80, ""learning_rate"": 0.08, ""min_child_samples"": 20, ""scale_pos_weight"": 1.0, ""feature_fraction"": 0.65, ""bagging_fraction"": 0.7}"
60,0.3038,0.3059,0.3041,0.3014,"{""num_leaves"": 7, ""n_estimators"": 80, ""learning_rate"": 0.08, ""min_child_samples"": 40, ""scale_pos_weight"": 1.6, ""feature_fraction"": 0.35, ""bagging_fraction"": 0.85}"
61,0.2989,0.2996,0.3027,0.2943,"{""num_leaves"": 10, ""n_estimators"": 350, ""learning_rate"": 0.02, ""min_child_samples"": 20, ""scale_pos_weight"": 1.3, ""feature_fraction"": 0.5, ""bagging_fraction"": 0.7}"
62,0.2954,0.2952,0.2952,0.2957,"{""num_leaves"": 23, ""n_estimators"": 350, ""learning_rate"": 0.02, ""min_child_samples"": 40, ""scale_pos_weight"": 1.6, ""feature_fraction"": 0.65, ""bagging_fraction"": 0.99}"
63,0.3019,0.3191,0.3005,0.2859,"{""num_leaves"": 7, ""n_estimators"": 350, ""learning_rate"": 0.032, ""min_child_samples"": 40, ""scale_pos_weight"": 1.6, ""feature_fraction"": 0.8, ""bagging_fraction"": 0.85}"
64,0.3069,0.3085,0.3045,0.3076,"{""num_leaves"": 7, ""n_estimators"": 260, ""learning_rate"": 0.032, ""min_child_samples"": 90, ""scale_pos_weight"": 1.3, ""feature_fraction"": 0.65, ""bagging_fraction"": 0.85}"
65,0.2988,0.309,0.2957,0.2917,"{""num_leaves"": 7, ""n_estimators"": 122, ""learning_rate"": 0.05, ""min_child_samples"": 20, ""scale_pos_weight"": 1.6, ""feature_fraction"": 0.35, ""bagging_fraction"": 0.7}"
66,0.2895,0.3023,0.2824,0.2837,"{""num_leaves"": 7, ""n_estimators"": 350, ""learning_rate"": 0.032, ""min_child_samples"": 20, ""scale_pos_weight"": 1.6, ""feature_fraction"": 0.65, ""bagging_fraction"": 0.99}"
67,0.3063,0.3067,0.3103,0.3019,"{""num_leaves"": 7, ""n_estimators"": 350, ""learning_rate"": 0.02, ""min_child_samples"": 130, ""scale_pos_weight"": 1.0, ""feature_fraction"": 0.35, ""bagging_fraction"": 0.99}"
68,0.2918,0.2917,0.2996,0.2841,"{""num_leaves"": 5, ""n_estimators"": 260, ""learning_rate"": 0.08, ""min_child_samples"": 130, ""scale_pos_weight"": 1.3, ""feature_fraction"": 0.5, ""bagging_fraction"": 0.7}"
69,0.284,0.2952,0.289,0.2677,"{""num_leaves"": 15, ""n_estimators"": 260, ""learning_rate"": 0.08, ""min_child_samples"": 130, ""scale_pos_weight"": 1.3, ""feature_fraction"": 0.5, ""bagging_fraction"": 0.99}"
70,0.2952,0.2939,0.3143,0.2775,"{""num_leaves"": 10, ""n_estimators"": 122, ""learning_rate"": 0.08, ""min_child_samples"": 90, ""scale_pos_weight"": 1.0, ""feature_fraction"": 0.35, ""bagging_fraction"": 0.99}"
71,0.3066,0.3059,0.3103,0.3036,"{""num_leaves"": 7, ""n_estimators"": 122, ""learning_rate"": 0.02, ""min_child_samples"": 20, ""scale_pos_weight"": 1.3, ""feature_fraction"": 0.35, ""bagging_fraction"": 0.85}"
72,0.3023,0.3045,0.2974,0.305,"{""num_leaves"": 15, ""n_estimators"": 180, ""learning_rate"": 0.032, ""min_child_samples"": 20, ""scale_pos_weight"": 1.0, ""feature_fraction"": 0.5, ""bagging_fraction"": 0.7}"
73,0.3087,0.2992,0.3134,0.3134,"{""num_leaves"": 23, ""n_estimators"": 180, ""learning_rate"": 0.02, ""min_child_samples"": 20, ""scale_pos_weight"": 1.07, ""feature_fraction"": 0.8, ""bagging_fraction"": 0.85}"
74,0.3128,0.3169,0.3129,0.3085,"{""num_leaves"": 7, ""n_estimators"": 80, ""learning_rate"": 0.05, ""min_child_samples"": 130, ""scale_pos_weight"": 1.6, ""feature_fraction"": 0.8, ""bagging_fraction"": 0.85}"
75,0.289,0.2983,0.2762,0.2926,"{""num_leaves"": 15, ""n_estimators"": 350, ""learning_rate"": 0.08, ""min_child_samples"": 130, ""scale_pos_weight"": 1.6, ""feature_fraction"": 0.8, ""bagging_fraction"": 0.7}"
76,0.2812,0.2895,0.281,0.273,"{""num_leaves"": 15, ""n_estimators"": 260, ""learning_rate"": 0.05, ""min_child_samples"": 40, ""scale_pos_weight"": 1.6, ""feature_fraction"": 0.8, ""bagging_fraction"": 0.85}"
77,0.2878,0.2979,0.2832,0.2824,"{""num_leaves"": 23, ""n_estimators"": 80, ""learning_rate"": 0.08, ""min_child_samples"": 20, ""scale_pos_weight"": 1.0, ""feature_fraction"": 0.8, ""bagging_fraction"": 0.99}"
78,0.2931,0.3072,0.2992,0.273,"{""num_leaves"": 7, ""n_estimators"": 180, ""learning_rate"": 0.08, ""min_child_samples"": 60, ""scale_pos_weight"": 1.6, ""feature_fraction"": 0.8, ""bagging_fraction"": 0.7}"
79,0.2931,0.2903,0.2926,0.2965,"{""num_leaves"": 15, ""n_estimators"": 180, ""learning_rate"": 0.05, ""min_child_samples"": 20, ""scale_pos_weight"": 1.6, ""feature_fraction"": 0.65, ""bagging_fraction"": 0.85}"
80,0.2967,0.301,0.2837,0.3054,"{""num_leaves"": 23, ""n_estimators"": 260, ""learning_rate"": 0.032, ""min_child_samples"": 60, ""scale_pos_weight"": 1.07, ""feature_fraction"": 0.5, ""bagging_fraction"": 0.7}"
81,0.3091,0.3098,0.3147,0.3027,"{""num_leaves"": 7, ""n_estimators"": 260, ""learning_rate"": 0.032, ""min_child_samples"": 90, ""scale_pos_weight"": 1.3, ""feature_fraction"": 0.35, ""bagging_fraction"": 0.85}"
82,0.3008,0.3107,0.2934,0.2983,"{""num_leaves"": 7, ""n_estimators"": 350, ""learning_rate"": 0.032, ""min_child_samples"": 130, ""scale_pos_weight"": 1.07, ""feature_fraction"": 0.65, ""bagging_fraction"": 0.85}"
83,0.2892,0.3027,0.2961,0.2686,"{""num_leaves"": 10, ""n_estimators"": 260, ""learning_rate"": 0.032, ""min_child_samples"": 60, ""scale_pos_weight"": 1.6, ""feature_fraction"": 0.65, ""bagging_fraction"": 0.99}"
84,0.2872,0.289,0.2934,0.2793,"{""num_leaves"": 23, ""n_estimators"": 180, ""learning_rate"": 0.05, ""min_child_samples"": 90, ""scale_pos_weight"": 1.3, ""feature_fraction"": 0.65, ""bagging_fraction"": 0.7}"
85,0.3039,0.3094,0.3045,0.2979,"{""num_leaves"": 23, ""n_estimators"": 180, ""learning_rate"": 0.02, ""min_child_samples"": 20, ""scale_pos_weight"": 1.3, ""feature_fraction"": 0.8, ""bagging_fraction"": 0.85}"
86,0.2993,0.3129,0.3019,0.2832,"{""num_leaves"": 7, ""n_estimators"": 260, ""learning_rate"": 0.05, ""min_child_samples"": 130, ""scale_pos_weight"": 1.07, ""feature_fraction"": 0.5, ""bagging_fraction"": 0.99}"
87,0.2999,0.3116,0.2943,0.2939,"{""num_leaves"": 10, ""n_estimators"": 350, ""learning_rate"": 0.05, ""min_child_samples"": 90, ""scale_pos_weight"": 1.3, ""feature_fraction"": 0.35, ""bagging_fraction"": 0.85}"
88,0.2967,0.2899,0.3036,0.2965,"{""num_leaves"": 10, ""n_estimators"": 350, ""learning_rate"": 0.05, ""min_child_samples"": 60, ""scale_pos_weight"": 1.07, ""feature_fraction"": 0.35, ""bagging_fraction"": 0.7}"
89,0.3022,0.3041,0.3054,0.297,"{""num_leaves"": 7, ""n_estimators"": 80, ""learning_rate"": 0.05, ""min_child_samples"": 20, ""scale_pos_weight"": 1.6, ""feature_fraction"": 0.5, ""bagging_fraction"": 0.99}"
